SampleID_Tara	SampleID_NCBI	SampleID_SRA	Station label	Event label	Environmental feature	"Depth, nominal"	"Size fraction, lower threshold"	"Size fraction, upper threshold"	Sample material	Sample method	Sample code/label	File name	Distance	Duration	Number of observations	pH_min	pH_first_quartile	pH_median	pH_third_quartile	pH_max	Carbon dioxide_min	Carbon dioxide_first_quartile	Carbon dioxide_median	Carbon dioxide_third_quartile	Carbon dioxide_max	"Carbon dioxide, partial pressure_min"	"Carbon dioxide, partial pressure_first_quartile"	"Carbon dioxide, partial pressure_median"	"Carbon dioxide, partial pressure_third_quartile"	"Carbon dioxide, partial pressure_max"	Fugacity of carbon dioxide in seawater_min	Fugacity of carbon dioxide in seawater_first_quartile	Fugacity of carbon dioxide in seawater_median	Fugacity of carbon dioxide in seawater_third_quartile	Fugacity of carbon dioxide in seawater_max	Bicarbonate ion_min	Bicarbonate ion_first_quartile	Bicarbonate ion_median	Bicarbonate ion_third_quartile	Bicarbonate ion_max	Carbonate ion_min	Carbonate ion_first_quartile	Carbonate ion_median	Carbonate ion_third_quartile	Carbonate ion_max	"Carbon, total_min"	"Carbon, total_first_quartile"	"Carbon, total_median"	"Carbon, total_third_quartile"	"Carbon, total_max"	"Alkalinity, total_min"	"Alkalinity, total_first_quartile"	"Alkalinity, total_median"	"Alkalinity, total_third_quartile"	"Alkalinity, total_max"	Calcite saturation state_min	Calcite saturation state_first_quartile	Calcite saturation state_median	Calcite saturation state_third_quartile	Calcite saturation state_max	Aragonite saturation state_min	Aragonite saturation state_first_quartile	Aragonite saturation state_median	Aragonite saturation state_third_quartile	Aragonite saturation state_max
TARA_B100000105	SAMEA2620084	ERS488919	TARA_039	TARA_20100318T1133Z_039_EVENT_PUMP	[DCM] deep chlorophyll maximum layer (ENVO:01000326)	25	1.6	20	TARA_039_DCM_1.6-20	SEQ-(100L)_W1.6-20	TARA_20100318T1133Z_039_EVENT_PUMP_DCM_(25m)_SEQ-(100L)_W1.6-20_B100000105	tara_20100315t0345z_038_event_cast	214.209	P03DT07H48M	NA	NA	NA	NA	NA	NA	NA	NA	NA	NA	NA	NA	NA	NA	NA	NA	NA	NA	NA	NA	NA	0	0	0	0	0	0.0047	0.0047	0.00925	0.0138	0.0138	0.003	0.003	0.00545	0.0079	0.0079	0	0	0.00115	0.0023	0.0023	0	0	0.00095	0.0019	0.0019	6.00E-04	6.00E-04	0.00095	0.0013	0.0013
TARA_B100002029	SAMEA2623919	ERS494628	TARA_152	TARA_20120319T1848Z_152_EVENT_CAST	[MIX] marine epipelagic wind mixed layer (ENVO:01000061)	NA	0.22	3	TARA_152_MIX_0.22-3	SEQ-(100L)_W0.22-3	TARA_20120319T1848Z_152_EVENT_CAST_MIX_(5-160m)_SEQ-(100L)_W0.22-3_B100002029	tara_20120319t0817z_152_event_cast	11.4296	P00DT10H30M	1	8.094865	8.094865	8.094865	8.094865	8.094865	13.598671	13.598671	13.598671	13.598671	13.598671	358.308366	358.308366	358.308366	358.308366	358.308366	357.019421	357.019421	357.019421	357.019421	357.019421	NA	NA	NA	NA	NA	NA	NA	NA	NA	NA	NA	NA	NA	NA	NA	NA	NA	NA	NA	NA	NA	NA	NA	NA	NA	NA	NA	NA	NA	NA
TARA_B100001179	SAMEA2623907	ERS494616	TARA_152	TARA_20120319T1502Z_152_Combined-EVENTS_CAST	[MES] marine water layer (ENVO:01000295) within the mesopelagic zone (ENVO:00000213)	800	0.22	3	TARA_152_MES_0.22-3	SEQ-(100L)_W0.22-3	TARA_20120319T1502Z_152_Combined-EVENTS_CAST_MES_(800m)_SEQ-(100L)_W0.22-3_B100001179	tara_20120319t0817z_152_event_cast	5.2802	P00DT06H43M	0	NA	NA	NA	NA	NA	NA	NA	NA	NA	NA	NA	NA	NA	NA	NA	NA	NA	NA	NA	NA	NA	NA	NA	NA	NA	NA	NA	NA	NA	NA	NA	NA	NA	NA	NA	NA	NA	NA	NA	NA	NA	NA	NA	NA	NA	NA	NA	NA	NA	NA
TARA_B100001173	SAMEA2623886	ERS494579	TARA_152	TARA_20120319T0818Z_152_EVENT_PUMP	[SRF] surface water layer (ENVO:00010504)	5	0.22	3	TARA_152_SRF_0.22-3	SEQ-(100L)_W0.22-3	TARA_20120319T0818Z_152_EVENT_PUMP_SRF_(5m)_SEQ-(100L)_W0.22-3_B100001173	tara_20120319t0817z_152_event_cast	0.036588	P00DT00H02M	1	8.094865	8.094865	8.094865	8.094865	8.094865	13.598671	13.598671	13.598671	13.598671	13.598671	358.308366	358.308366	358.308366	358.308366	358.308366	357.019421	357.019421	357.019421	357.019421	357.019421	NA	NA	NA	NA	NA	NA	NA	NA	NA	NA	NA	NA	NA	NA	NA	NA	NA	NA	NA	NA	NA	NA	NA	NA	NA	NA	NA	NA	NA	NA
TARA_B100001559	SAMEA2623868	ERS494559	TARA_151	TARA_20120309T1745Z_151_Combined-EVENTS_CAST	[DCM] deep chlorophyll maximum layer (ENVO:01000326)	80	0.22	3	TARA_151_DCM_0.22-3	SEQ-(100L)_W0.22-3	TARA_20120309T1745Z_151_Combined-EVENTS_CAST_DCM_(80m)_SEQ-(100L)_W0.22-3_B100001559	tara_20120309t1016z_151_event_cast	7.0127	P00DT07H28M	0	NA	NA	NA	NA	NA	NA	NA	NA	NA	NA	NA	NA	NA	NA	NA	NA	NA	NA	NA	NA	NA	NA	NA	NA	NA	NA	NA	NA	NA	NA	NA	NA	NA	NA	NA	NA	NA	NA	NA	NA	NA	NA	NA	NA	NA	NA	NA	NA	NA	NA
TARA_B100001564	SAMEA2623850	ERS494518	TARA_151	TARA_20120309T0859Z_151_EVENT_PUMP	[SRF] surface water layer (ENVO:00010504)	5	0.22	3	TARA_151_SRF_0.22-3	SEQ-(10L-or-15min)_W0.22-3	TARA_20120309T0859Z_151_EVENT_PUMP_SRF_(5m)_SEQ-(10L-or-15min)_W0.22-3_B100001564	tara_20120309t1016z_151_event_cast	2.1579	P00DT01H14M	1	8.09894	8.09894	8.09894	8.09894	8.09894	12.299755	12.299755	12.299755	12.299755	12.299755	355.079251	355.079251	355.079251	355.079251	355.079251	353.84973	353.84973	353.84973	353.84973	353.84973	NA	NA	NA	NA	NA	NA	NA	NA	NA	NA	NA	NA	NA	NA	NA	NA	NA	NA	NA	NA	NA	NA	NA	NA	NA	NA	NA	NA	NA	NA
TARA_B100001778	SAMEA2623826	ERS494488	TARA_150	TARA_20120305T1734Z_150_EVENT_PUMP	[DCM] deep chlorophyll maximum layer (ENVO:01000326)	40	0.22	3	TARA_150_DCM_0.22-3	SEQ-(100L)_W0.22-3	TARA_20120305T1734Z_150_EVENT_PUMP_DCM_(40m)_SEQ-(100L)_W0.22-3_B100001778	tara_20120305t1105z_150_event_cast	12.0958	P00DT06H31M	0	NA	NA	NA	NA	NA	NA	NA	NA	NA	NA	NA	NA	NA	NA	NA	NA	NA	NA	NA	NA	NA	NA	NA	NA	NA	NA	NA	NA	NA	NA	NA	NA	NA	NA	NA	NA	NA	NA	NA	NA	NA	NA	NA	NA	NA	NA	NA	NA	NA	NA
TARA_B100001769	SAMEA2623808	ERS494445	TARA_150	TARA_20120305T0925Z_150_EVENT_PUMP	[SRF] surface water layer (ENVO:00010504)	5	0.22	3	TARA_150_SRF_0.22-3	SEQ-(10L-or-15min)_W0.22-3	TARA_20120305T0925Z_150_EVENT_PUMP_SRF_(5m)_SEQ-(10L-or-15min)_W0.22-3_B100001769	tara_20120305t1105z_150_event_cast	4.8813	P00DT01H37M	1	8.111959	8.111959	8.111959	8.111959	8.111959	11.76642	11.76642	11.76642	11.76642	11.76642	342.260448	342.260448	342.260448	342.260448	342.260448	341.079024	341.079024	341.079024	341.079024	341.079024	NA	NA	NA	NA	NA	NA	NA	NA	NA	NA	NA	NA	NA	NA	NA	NA	NA	NA	NA	NA	NA	NA	NA	NA	NA	NA	NA	NA	NA	NA
TARA_B100001765	SAMEA2623794	ERS494431	TARA_149	TARA_20120301T1853Z_149_Combined-EVENTS_CAST	[MES] marine water layer (ENVO:01000295) within the mesopelagic zone (ENVO:00000213)	740	0.22	3	TARA_149_MES_0.22-3	SEQ-(10L-or-15min)_W0.22-3	TARA_20120301T1853Z_149_Combined-EVENTS_CAST_MES_(740m)_SEQ-(10L-or-15min)_W0.22-3_B100001765	tara_20120301t1156z_149_event_cast	6.5546	P00DT06H54M	0	NA	NA	NA	NA	NA	NA	NA	NA	NA	NA	NA	NA	NA	NA	NA	NA	NA	NA	NA	NA	NA	NA	NA	NA	NA	NA	NA	NA	NA	NA	NA	NA	NA	NA	NA	NA	NA	NA	NA	NA	NA	NA	NA	NA	NA	NA	NA	NA	NA	NA
TARA_B100001758	SAMEA2623774	ERS494394	TARA_149	TARA_20120301T1048Z_149_EVENT_PUMP	[SRF] surface water layer (ENVO:00010504)	5	0.22	3	TARA_149_SRF_0.22-3	SEQ-(10L-or-15min)_W0.22-3	TARA_20120301T1048Z_149_EVENT_PUMP_SRF_(5m)_SEQ-(10L-or-15min)_W0.22-3_B100001758	tara_20120301t1156z_149_event_cast	3.1453	P00DT01H07M	0	NA	NA	NA	NA	NA	NA	NA	NA	NA	NA	NA	NA	NA	NA	NA	NA	NA	NA	NA	NA	NA	NA	NA	NA	NA	NA	NA	NA	NA	NA	NA	NA	NA	NA	NA	NA	NA	NA	NA	NA	NA	NA	NA	NA	NA	NA	NA	NA	NA	NA
TARA_B100001750	SAMEA2623756	ERS494374	TARA_148b	TARA_20120227T1532Z_148b_Combined-EVENTS_CAST	[MES] marine water layer (ENVO:01000295) within the mesopelagic zone (ENVO:00000213)	250	0.22	3	TARA_148b_MES_0.22-3	SEQ-(10L-or-15min)_W0.22-3	TARA_20120227T1532Z_148b_Combined-EVENTS_CAST_MES_(250m)_SEQ-(10L-or-15min)_W0.22-3_B100001750	tara_20120301t1156z_149_event_cast	651.1033	P02DT20H27M	NA	NA	NA	NA	NA	NA	NA	NA	NA	NA	NA	NA	NA	NA	NA	NA	NA	NA	NA	NA	NA	NA	NA	NA	NA	NA	NA	NA	NA	NA	NA	NA	NA	NA	NA	NA	NA	NA	NA	NA	NA	NA	NA	NA	NA	NA	NA	NA	NA	NA	NA
TARA_B100001741	SAMEA2623734	ERS494332	TARA_148	TARA_20120224T1140Z_148_EVENT_PUMP	[SRF] surface water layer (ENVO:00010504)	5	0.22	3	TARA_148_SRF_0.22-3	SEQ-(10L-or-15min)_W0.22-3	TARA_20120224T1140Z_148_EVENT_PUMP_SRF_(5m)_SEQ-(10L-or-15min)_W0.22-3_B100001741	tara_20120224t1148z_148_event_cast	0.22385	P00DT00H01M	1	8.107639	8.107639	8.107639	8.107639	8.107639	10.988774	10.988774	10.988774	10.988774	10.988774	346.971853	346.971853	346.971853	346.971853	346.971853	345.816106	345.816106	345.816106	345.816106	345.816106	NA	NA	NA	NA	NA	NA	NA	NA	NA	NA	NA	NA	NA	NA	NA	NA	NA	NA	NA	NA	NA	NA	NA	NA	NA	NA	NA	NA	NA	NA
TARA_B100001167	SAMEA2623693	ERS494274	TARA_146	TARA_20120216T1208Z_146_Combined-EVENTS_CAST	[MES] marine water layer (ENVO:01000295) within the mesopelagic zone (ENVO:00000213)	640	0.22	3	TARA_146_MES_0.22-3	SEQ-(100L)_W0.22-3	TARA_20120216T1208Z_146_Combined-EVENTS_CAST_MES_(640m)_SEQ-(100L)_W0.22-3_B100001167	tara_20120215t1302z_146_event_cast	1.6368	P00DT23H01M	0	NA	NA	NA	NA	NA	NA	NA	NA	NA	NA	NA	NA	NA	NA	NA	NA	NA	NA	NA	NA	NA	NA	NA	NA	NA	NA	NA	NA	NA	NA	NA	NA	NA	NA	NA	NA	NA	NA	NA	NA	NA	NA	NA	NA	NA	NA	NA	NA	NA	NA
TARA_B100001540	SAMEA2623673	ERS494236	TARA_146	TARA_20120215T1254Z_146_EVENT_PUMP	[SRF] surface water layer (ENVO:00010504)	5	0.22	3	TARA_146_SRF_0.22-3	SEQ-(100L)_W0.22-3	TARA_20120215T1254Z_146_EVENT_PUMP_SRF_(5m)_SEQ-(100L)_W0.22-3_B100001540	tara_20120215t1302z_146_event_cast	0.94626	P00DT00H05M	1	8.114037	8.114037	8.114037	8.114037	8.114037	11.093421	11.093421	11.093421	11.093421	11.093421	341.340207	341.340207	341.340207	341.340207	341.340207	340.19016	340.19016	340.19016	340.19016	340.19016	NA	NA	NA	NA	NA	NA	NA	NA	NA	NA	NA	NA	NA	NA	NA	NA	NA	NA	NA	NA	NA	NA	NA	NA	NA	NA	NA	NA	NA	NA
TARA_B100001146	SAMEA2623649	ERS494208	TARA_145	TARA_20120202T1839Z_145_Combined-EVENTS_CAST	[MES] marine water layer (ENVO:01000295) within the mesopelagic zone (ENVO:00000213)	590	0.22	3	TARA_145_MES_0.22-3	SEQ-(100L)_W0.22-3	TARA_20120202T1839Z_145_Combined-EVENTS_CAST_MES_(590m)_SEQ-(100L)_W0.22-3_B100001146	tara_20120202t1205z_145_event_cast	1.0173	P00DT06H33M	0	NA	NA	NA	NA	NA	NA	NA	NA	NA	NA	NA	NA	NA	NA	NA	NA	NA	NA	NA	NA	NA	NA	NA	NA	NA	NA	NA	NA	NA	NA	NA	NA	NA	NA	NA	NA	NA	NA	NA	NA	NA	NA	NA	NA	NA	NA	NA	NA	NA	NA
TARA_B100001142	SAMEA2623627	ERS494170	TARA_145	TARA_20120202T1152Z_145_EVENT_PUMP	[SRF] surface water layer (ENVO:00010504)	5	0.22	3	TARA_145_SRF_0.22-3	SEQ-(100L)_W0.22-3	TARA_20120202T1152Z_145_EVENT_PUMP_SRF_(5m)_SEQ-(100L)_W0.22-3_B100001142	tara_20120202t1205z_145_event_cast	0.44785	P00DT00H10M	1	7.882102	7.882102	7.882102	7.882102	7.882102	23.63622	23.63622	23.63622	23.63622	23.63622	617.113156	617.113156	617.113156	617.113156	617.113156	614.888973	614.888973	614.888973	614.888973	614.888973	0	0	0	0	0	0.025	0.025	0.0266	0.0282	0.0282	0.0991	0.0991	0.10205	0.105	0.105	0.0157	0.0157	0.0164	0.0171	0.0171	0.0312	0.0312	0.03245	0.0337	0.0337	0.008	0.008	0.00835	0.0087	0.0087
TARA_B100002049	SAMEA2623513	ERS494006	TARA_142	TARA_20120110T1451Z_142_Combined-EVENTS_CAST	[MES] marine water layer (ENVO:01000295) within the mesopelagic zone (ENVO:00000213)	640	0.22	3	TARA_142_MES_0.22-3	SEQ-(100L)_W0.22-3	TARA_20120110T1451Z_142_Combined-EVENTS_CAST_MES_(640m)_SEQ-(100L)_W0.22-3_B100002049	tara_20120108t2325z_142_event_cast	18.0794	P01DT15H32M	0	NA	NA	NA	NA	NA	NA	NA	NA	NA	NA	NA	NA	NA	NA	NA	NA	NA	NA	NA	NA	0	0	0	0	0	0	0	0	0	0	0	0	0	0	0	0	0	0	0	0	0	0	0	0	0	0	0	0	0	0
TARA_B100002052	SAMEA2623488	ERS493981	TARA_142	TARA_20120109T2019Z_142_Combined-EVENTS_CAST	[DCM] deep chlorophyll maximum layer (ENVO:01000326)	125	0.22	3	TARA_142_DCM_0.22-3	SEQ-(100L)_W0.22-3	TARA_20120109T2019Z_142_Combined-EVENTS_CAST_DCM_(125m)_SEQ-(100L)_W0.22-3_B100002052	tara_20120108t2325z_142_event_cast	17.675	P00DT21H00M	0	NA	NA	NA	NA	NA	NA	NA	NA	NA	NA	NA	NA	NA	NA	NA	NA	NA	NA	NA	NA	0	0	0	0	0	0.041	0.041	0.041	0.041	0.041	0.0189	0.0189	0.0189	0.0189	0.0189	0.001	0.001	0.001	0.001	0.001	0.0019	0.0019	0.0019	0.0019	0.0019	6.00E-04	6.00E-04	6.00E-04	6.00E-04	6.00E-04
TARA_B100002051	SAMEA2623463	ERS493938	TARA_142	TARA_20120109T1341Z_142_EVENT_PUMP	[SRF] surface water layer (ENVO:00010504)	5	0.22	3	TARA_142_SRF_0.22-3	SEQ-(100L)_W0.22-3	TARA_20120109T1341Z_142_EVENT_PUMP_SRF_(5m)_SEQ-(100L)_W0.22-3_B100002051	tara_20120108t2325z_142_event_cast	6.3376	P00DT14H24M	1	8.0769	8.0769	8.0769	8.0769	8.0769	10.431768	10.431768	10.431768	10.431768	10.431768	370.888929	370.888929	370.888929	370.888929	370.888929	369.721337	369.721337	369.721337	369.721337	369.721337	0	0	0	0	0	0.0392	0.0392	0.0392	0.0392	0.0392	0.018	0.018	0.018	0.018	0.018	0.001	0.001	0.001	0.001	0.001	0.0016	0.0016	0.0016	0.0016	0.0016	5.00E-04	5.00E-04	5.00E-04	5.00E-04	5.00E-04
TARA_B100001939	SAMEA2623446	ERS493914	TARA_141	TARA_20111230T1335Z_141_EVENT_PUMP	[SRF] surface water layer (ENVO:00010504)	5	0.22	3	TARA_141_SRF_0.22-3	SEQ-(100L)_W0.22-3	TARA_20111230T1335Z_141_EVENT_PUMP_SRF_(5m)_SEQ-(100L)_W0.22-3_B100001939	tara_20111230t1300z_141_event_cast	0.77387	P00DT00H38M	1	8.06296	8.06296	8.06296	8.06296	8.06296	9.964816	9.964816	9.964816	9.964816	9.964816	369.57032	369.57032	369.57032	369.57032	369.57032	368.436099	368.436099	368.436099	368.436099	368.436099	NA	NA	NA	NA	NA	NA	NA	NA	NA	NA	NA	NA	NA	NA	NA	NA	NA	NA	NA	NA	NA	NA	NA	NA	NA	NA	NA	NA	NA	NA
TARA_B100002019	SAMEA2623426	ERS493877	TARA_140	TARA_20111221T1620Z_140_EVENT_PUMP	[SRF] surface water layer (ENVO:00010504)	5	0.22	3	TARA_140_SRF_0.22-3	SEQ-(100L)_W0.22-3	TARA_20111221T1620Z_140_EVENT_PUMP_SRF_(5m)_SEQ-(100L)_W0.22-3_B100002019	tara_20111221t1628z_140_event_cast	0.11117	P00DT00H05M	1	8.078013	8.078013	8.078013	8.078013	8.078013	9.035155	9.035155	9.035155	9.035155	9.035155	321.70056	321.70056	321.70056	321.70056	321.70056	320.706913	320.706913	320.706913	320.706913	320.706913	0	0	0	0	0	0.012	0.012	0.01655	0.0211	0.0211	0.0392	0.0392	0.04365	0.0481	0.0481	0.0026	0.0026	0.0037	0.0048	0.0048	0.002	0.002	0.00445	0.0069	0.0069	0.0049	0.0049	0.0054	0.0059	0.0059
TARA_B100002003	SAMEA2623390	ERS493822	TARA_138	TARA_20111211T2040Z_138_Combined-EVENTS_CAST	[MES] marine water layer (ENVO:01000295) within the mesopelagic zone (ENVO:00000213)	450	0.22	3	TARA_138_MES_0.22-3	SEQ-(10L-or-15min)_W0.22-3	TARA_20111211T2040Z_138_Combined-EVENTS_CAST_MES_(450m)_SEQ-(10L-or-15min)_W0.22-3_B100002003	tara_20111210t1401z_138_event_cast	13.1202	P01DT06H38M	0	NA	NA	NA	NA	NA	NA	NA	NA	NA	NA	NA	NA	NA	NA	NA	NA	NA	NA	NA	NA	0	0	0	0	0	0	0	0	0	0	0.0018	0.0018	0.0018	0.0018	0.0018	0	0	0	0	0	0	0	0	0	0	0	0	0	0	0
TARA_B100001996	SAMEA2623370	ERS493788	TARA_138	TARA_20111211T1332Z_138_Combined-EVENTS_CAST	[DCM] deep chlorophyll maximum layer (ENVO:01000326)	60	0.22	3	TARA_138_DCM_0.22-3	SEQ-(10L-or-15min)_W0.22-3	TARA_20111211T1332Z_138_Combined-EVENTS_CAST_DCM_(60m)_SEQ-(10L-or-15min)_W0.22-3_B100001996	tara_20111210t1401z_138_event_cast	1.2757	P00DT23H28M	0	NA	NA	NA	NA	NA	NA	NA	NA	NA	NA	NA	NA	NA	NA	NA	NA	NA	NA	NA	NA	0	0	0	0	0	0.0397	0.04165	0.0475	0.0493	0.0499	0.0127	0.012825	0.0132	0.013575	0.0137	0.0029	0.0044	0.0089	0.00995	0.0103	0	0.00045	0.0018	0.003225	0.0037	8.00E-04	0.001275	0.0027	0.003225	0.0034
TARA_B100001989	SAMEA2623350	ERS493752	TARA_138	TARA_20111210T1408Z_138_EVENT_PUMP	[SRF] surface water layer (ENVO:00010504)	5	0.22	3	TARA_138_SRF_0.22-3	SEQ-(10L-or-15min)_W0.22-3	TARA_20111210T1408Z_138_EVENT_PUMP_SRF_(5m)_SEQ-(10L-or-15min)_W0.22-3_B100001989	tara_20111210t1401z_138_event_cast	0.001841	P00DT00H09M	1	8.070004	8.070004	8.070004	8.070004	8.070004	9.803891	9.803891	9.803891	9.803891	9.803891	356.94714	356.94714	356.94714	356.94714	356.94714	355.844759	355.844759	355.844759	355.844759	355.844759	0	0	0	0	0	0.0059	0.0059	0.0059	0.0059	0.0059	0.0032	0.0032	0.0032	0.0032	0.0032	0	0	0	0	0	0	0	0	0	0	8.00E-04	8.00E-04	8.00E-04	8.00E-04	8.00E-04
TARA_B100001971	SAMEA2623314	ERS493705	TARA_137	TARA_20111203T1433Z_137_Combined-EVENTS_CAST	[MES] marine water layer (ENVO:01000295) within the mesopelagic zone (ENVO:00000213)	375	0.22	3	TARA_137_MES_0.22-3	SEQ-(10L-or-15min)_W0.22-3	TARA_20111203T1433Z_137_Combined-EVENTS_CAST_MES_(375m)_SEQ-(10L-or-15min)_W0.22-3_B100001971	tara_20111202t1412z_137_event_cast	1.5336	P01DT00H20M	0	NA	NA	NA	NA	NA	NA	NA	NA	NA	NA	NA	NA	NA	NA	NA	NA	NA	NA	NA	NA	0	0	0	0	0	0	0	0	0	0	0	0	0	0	0	0	0	0	0	0	0	0	0	0	0	0	0	0	0	0
TARA_B100001964	SAMEA2623295	ERS493670	TARA_137	TARA_20111202T2042Z_137_EVENT_PUMP	[DCM] deep chlorophyll maximum layer (ENVO:01000326)	40	0.22	3	TARA_137_DCM_0.22-3	SEQ-(10L-or-15min)_W0.22-3	TARA_20111202T2042Z_137_EVENT_PUMP_DCM_(40m)_SEQ-(10L-or-15min)_W0.22-3_B100001964	tara_20111202t1412z_137_event_cast	1.999	P00DT06H31M	0	NA	NA	NA	NA	NA	NA	NA	NA	NA	NA	NA	NA	NA	NA	NA	NA	NA	NA	NA	NA	0	0	0	0	0	0.0554	0.0567	0.0606	0.07035	0.0736	0.018	0.0192	0.0228	0.02805	0.0298	0.0156	0.01765	0.0238	0.0262	0.027	0	0.001275	0.0051	0.008325	0.0094	0.0052	0.00555	0.0066	0.006675	0.0067
TARA_B100001287	SAMEA2623275	ERS493636	TARA_137	TARA_20111202T1412Z_137_EVENT_PUMP	[SRF] surface water layer (ENVO:00010504)	5	0.22	3	TARA_137_SRF_0.22-3	SEQ-(10L-or-15min)_W0.22-3	TARA_20111202T1412Z_137_EVENT_PUMP_SRF_(5m)_SEQ-(10L-or-15min)_W0.22-3_B100001287	tara_20111202t1412z_137_event_cast	0.35071	P00DT00H01M	1	7.994835	7.994835	7.994835	7.994835	7.994835	12.327003	12.327003	12.327003	12.327003	12.327003	448.50297	448.50297	448.50297	448.50297	448.50297	447.114982	447.114982	447.114982	447.114982	447.114982	0	0	0	0	0	0.0118	0.0118	0.0118	0.0118	0.0118	0.0081	0.0081	0.0081	0.0081	0.0081	0.0044	0.0044	0.0044	0.0044	0.0044	0	0	0	0	0	0.0022	0.0022	0.0022	0.0022	0.0022
TARA_B100001105	SAMEA2623155	ERS493460	TARA_133	TARA_20111019T1827Z_133_Combined-EVENTS_CAST	[MES] marine water layer (ENVO:01000295) within the mesopelagic zone (ENVO:00000213)	650	0.22	3	TARA_133_MES_0.22-3	SEQ-(100L)_W0.22-3	TARA_20111019T1827Z_133_Combined-EVENTS_CAST_MES_(650m)_SEQ-(100L)_W0.22-3_B100001105	tara_20110929t1933z_131_event_cast	3250.4052	P19DT23H57M	NA	NA	NA	NA	NA	NA	NA	NA	NA	NA	NA	NA	NA	NA	NA	NA	NA	NA	NA	NA	NA	0	0	0	0	0	0	0	0	0	0	0	0	0	0	0	0	0	0	0	0	0	0	0	0	0	0	0	0	0	0
TARA_B100001094	SAMEA2623135	ERS493431	TARA_133	TARA_20111019T0009Z_133_EVENT_PUMP	[DCM] deep chlorophyll maximum layer (ENVO:01000326)	45	0.22	3	TARA_133_DCM_0.22-3	SEQ-(100L)_W0.22-3	TARA_20111019T0009Z_133_EVENT_PUMP_DCM_(45m)_SEQ-(100L)_W0.22-3_B100001094	tara_20110929t1933z_131_event_cast	3252.9305	P19DT04H39M	NA	NA	NA	NA	NA	NA	NA	NA	NA	NA	NA	NA	NA	NA	NA	NA	NA	NA	NA	NA	NA	0	0	0	0	0	0.0567	0.0684	0.10295	0.12905	0.1323	0.0133	0.01905	0.03465	0.0679	0.0913	0.0056	0.00885	0.0169	0.025	0.0283	0.0017	0.0035	0.00685	0.0131	0.0178	0.0026	0.00395	0.00555	0.0071	0.0084
TARA_B100001093	SAMEA2623116	ERS493390	TARA_133	TARA_20111018T1535Z_133_EVENT_PUMP	[SRF] surface water layer (ENVO:00010504)	5	0.22	3	TARA_133_SRF_0.22-3	SEQ-(100L)_W0.22-3	TARA_20111018T1535Z_133_EVENT_PUMP_SRF_(5m)_SEQ-(100L)_W0.22-3_B100001093	tara_20110929t1933z_131_event_cast	3252.4442	P18DT20H05M	NA	NA	NA	NA	NA	NA	NA	NA	NA	NA	NA	NA	NA	NA	NA	NA	NA	NA	NA	NA	NA	0	0	0	0	0	0.0173	0.0173	0.01845	0.0196	0.0196	0.0079	0.0079	0.00805	0.0082	0.0082	0.0018	0.0018	0.0022	0.0026	0.0026	4.00E-04	4.00E-04	0.00045	5.00E-04	5.00E-04	0.0023	0.0023	0.0025	0.0027	0.0027
TARA_B100001245	SAMEA2623098	ERS493372	TARA_132	TARA_20111005T1952Z_132_Combined-EVENTS_CAST	[MES] marine water layer (ENVO:01000295) within the mesopelagic zone (ENVO:00000213)	550	0.22	3	TARA_132_MES_0.22-3	SEQ-(100L)_W0.22-3	TARA_20111005T1952Z_132_Combined-EVENTS_CAST_MES_(550m)_SEQ-(100L)_W0.22-3_B100001245	tara_20110929t1933z_131_event_cast	979.9748	P06DT01H15M	NA	NA	NA	NA	NA	NA	NA	NA	NA	NA	NA	NA	NA	NA	NA	NA	NA	NA	NA	NA	NA	0	0	0	0	0	0	0	0	0	0	0	0	0	0	0	0	0	0	0	0	0	0	0	0	0	0	0	0	0	0
TARA_B100001250	SAMEA2623079	ERS493340	TARA_132	TARA_20111005T0101Z_132_Combined-EVENTS_CAST	[DCM] deep chlorophyll maximum layer (ENVO:01000326)	115	0.22	3	TARA_132_DCM_0.22-3	SEQ-(100L)_W0.22-3	TARA_20111005T0101Z_132_Combined-EVENTS_CAST_DCM_(115m)_SEQ-(100L)_W0.22-3_B100001250	tara_20110929t1933z_131_event_cast	978.9906	P05DT05H29M	NA	NA	NA	NA	NA	NA	NA	NA	NA	NA	NA	NA	NA	NA	NA	NA	NA	NA	NA	NA	NA	0	0	0	0	0	0.0162	0.0224	0.041	0.053975	0.0583	0.0043	0.0057	0.0099	0.0108	0.0111	6.00E-04	0.001825	0.0055	0.006775	0.0072	4.00E-04	0.000525	9.00E-04	0.001275	0.0014	3.00E-04	5.00E-04	0.0011	0.001475	0.0016
TARA_B100001248	SAMEA2623059	ERS493300	TARA_132	TARA_20111004T1746Z_132_EVENT_PUMP	[SRF] surface water layer (ENVO:00010504)	5	0.22	3	TARA_132_SRF_0.22-3	SEQ-(100L)_W0.22-3	TARA_20111004T1746Z_132_EVENT_PUMP_SRF_(5m)_SEQ-(100L)_W0.22-3_B100001248	tara_20110929t1933z_131_event_cast	978.9569	P04DT22H16M	NA	NA	NA	NA	NA	NA	NA	NA	NA	NA	NA	NA	NA	NA	NA	NA	NA	NA	NA	NA	NA	0	0	0	0	0	0.0035	0.0035	0.0035	0.0035	0.0035	0.0024	0.0024	0.0024	0.0024	0.0024	0	0	0	0	0	0	0	0	0	0	7.00E-04	7.00E-04	7.00E-04	7.00E-04	7.00E-04
TARA_B100000614	SAMEA2622923	ERS493098	TARA_128	TARA_20110905T1840Z_128_EVENT_PUMP	[DCM] deep chlorophyll maximum layer (ENVO:01000326)	40	0.22	3	TARA_128_DCM_0.22-3	SEQ-(100L)_W0.22-3	TARA_20110905T1840Z_128_EVENT_PUMP_DCM_(40m)_SEQ-(100L)_W0.22-3_B100000614	tara_20110904t0709z_128_event_cast	6.5335	P01DT11H34M	0	NA	NA	NA	NA	NA	NA	NA	NA	NA	NA	NA	NA	NA	NA	NA	NA	NA	NA	NA	NA	0	0	0	0	0	0.0203	0.0203	0.0203	0.0203	0.0203	0.0082	0.0082	0.0082	0.0082	0.0082	0.0036	0.0036	0.0036	0.0036	0.0036	0	0	0	0	0	0.002	0.002	0.002	0.002	0.002
TARA_B100000609	SAMEA2622901	ERS493044	TARA_128	TARA_20110904T1800Z_128_EVENT_PUMP	[SRF] surface water layer (ENVO:00010504)	5	0.22	3	TARA_128_SRF_0.22-3	SEQ-(100L)_W0.22-3	TARA_20110904T1800Z_128_EVENT_PUMP_SRF_(5m)_SEQ-(100L)_W0.22-3_B100000609	tara_20110904t0709z_128_event_cast	4.3577	P00DT10H54M	0	NA	NA	NA	NA	NA	NA	NA	NA	NA	NA	NA	NA	NA	NA	NA	NA	NA	NA	NA	NA	0	0	0	0	0	0.0127	0.0127	0.0127	0.0127	0.0127	0.0061	0.0061	0.0061	0.0061	0.0061	0.0015	0.0015	0.0015	0.0015	0.0015	0	0	0	0	0	0.0013	0.0013	0.0013	0.0013	0.0013
TARA_B100001123	SAMEA2622837	ERS492926	TARA_125	TARA_20110809T1708Z_125_Combined-EVENTS_CAST	[MIX] marine epipelagic wind mixed layer (ENVO:01000061)	140	0.22	3	TARA_125_MIX_0.22-3	SEQ-(10L-or-15min)_W0.22-3	TARA_20110809T1708Z_125_Combined-EVENTS_CAST_MIX_(140m)_SEQ-(10L-or-15min)_W0.22-3_B100001123	tara_20110808t1739z_125_event_cast	1.7355	P00DT23H26M	0	NA	NA	NA	NA	NA	NA	NA	NA	NA	NA	NA	NA	NA	NA	NA	NA	NA	NA	NA	NA	0	0	0	0	0	0.0023	0.0023	0.0025	0.0027	0.0027	4.00E-04	4.00E-04	4.00E-04	4.00E-04	4.00E-04	0	0	0	0	0	0	0	0	0	0	0	0	0	0	0
TARA_B100001121	SAMEA2622817	ERS492888	TARA_125	TARA_20110808T1733Z_125_EVENT_PUMP	[SRF] surface water layer (ENVO:00010504)	5	0.22	3	TARA_125_SRF_0.22-3	SEQ-(10L-or-15min)_W0.22-3	TARA_20110808T1733Z_125_EVENT_PUMP_SRF_(5m)_SEQ-(10L-or-15min)_W0.22-3_B100001121	tara_20110808t1739z_125_event_cast	0.004131	P00DT00H05M	1	8.015136	8.015136	8.015136	8.015136	8.015136	11.793852	11.793852	11.793852	11.793852	11.793852	436.548929	436.548929	436.548929	436.548929	436.548929	435.204126	435.204126	435.204126	435.204126	435.204126	0	0	0	0	0	0.0077	0.0077	0.0077	0.0077	0.0077	0.0029	0.0029	0.0029	0.0029	0.0029	0.0032	0.0032	0.0032	0.0032	0.0032	0	0	0	0	0	6.00E-04	6.00E-04	6.00E-04	6.00E-04	6.00E-04
TARA_B100000676	SAMEA2622796	ERS492863	TARA_124	TARA_20110805T1733Z_124_Combined-EVENTS_CAST	[MIX] marine epipelagic wind mixed layer (ENVO:01000061)	120	0.22	3	TARA_124_MIX_0.22-3	SEQ-(10L-or-15min)_W0.22-3	TARA_20110805T1733Z_124_Combined-EVENTS_CAST_MIX_(120m)_SEQ-(10L-or-15min)_W0.22-3_B100000676	tara_20110804t1836z_124_event_cast	12.1418	P00DT22H56M	0	NA	NA	NA	NA	NA	NA	NA	NA	NA	NA	NA	NA	NA	NA	NA	NA	NA	NA	NA	NA	0	0	0	0	0	0.0093	0.0093	0.00975	0.0102	0.0102	0.0018	0.0018	0.00185	0.0019	0.0019	0.0055	0.0055	0.00585	0.0062	0.0062	0	0	0	0	0	0.001	0.001	0.00105	0.0011	0.0011
TARA_B100000674	SAMEA2622759	ERS492814	TARA_124	TARA_20110804T1833Z_124_EVENT_PUMP	[SRF] surface water layer (ENVO:00010504)	5	0.22	3	TARA_124_SRF_0.22-3	SEQ-(10L-or-15min)_W0.22-3	TARA_20110804T1833Z_124_EVENT_PUMP_SRF_(5m)_SEQ-(10L-or-15min)_W0.22-3_B100000674	tara_20110804t1836z_124_event_cast	0.42481	P00DT00H01M	1	7.870713	7.870713	7.870713	7.870713	7.870713	17.599899	17.599899	17.599899	17.599899	17.599899	646.697247	646.697247	646.697247	646.697247	646.697247	644.698081	644.698081	644.698081	644.698081	644.698081	0.00774	0.00774	0.00774	0.00774	0.00774	0.0182	0.0182	0.01821	0.01822	0.01822	0.0118	0.0118	0.01184	0.01188	0.01188	0.00936	0.00936	0.00937	0.00938	0.00938	0.00386	0.00386	0.00386	0.00386	0.00386	0.0043	0.0043	0.00435	0.0044	0.0044
TARA_B100000686	SAMEA2622733	ERS492778	TARA_123	TARA_20110801T1755Z_123_Combined-EVENTS_CAST	[MIX] marine epipelagic wind mixed layer (ENVO:01000061)	150	0.22	3	TARA_123_MIX_0.22-3	SEQ-(10L-or-15min)_W0.22-3	TARA_20110801T1755Z_123_Combined-EVENTS_CAST_MIX_(150m)_SEQ-(10L-or-15min)_W0.22-3_B100000686	tara_20110731t1725z_123_event_cast	0.48628	P01DT00H27M	0	NA	NA	NA	NA	NA	NA	NA	NA	NA	NA	NA	NA	NA	NA	NA	NA	NA	NA	NA	NA	0.002	0.002	0.002	0.002	0.002	0.00605	0.00605	0.006175	0.0063	0.0063	0.00085	0.00085	0.000925	0.001	0.001	0.00245	0.00245	0.0025	0.00255	0.00255	0	0	0	0	0	0.00035	0.00035	0.00035	0.00035	0.00035
TARA_B100000683	SAMEA2622710	ERS492733	TARA_123	TARA_20110731T1720Z_123_EVENT_PUMP	[SRF] surface water layer (ENVO:00010504)	5	0.22	3	TARA_123_SRF_0.22-3	SEQ-(10L-or-15min)_W0.22-3	TARA_20110731T1720Z_123_EVENT_PUMP_SRF_(5m)_SEQ-(10L-or-15min)_W0.22-3_B100000683	tara_20110731t1725z_123_event_cast	0.11502	P00DT00H04M	1	8.012428	8.012428	8.012428	8.012428	8.012428	11.921045	11.921045	11.921045	11.921045	11.921045	439.081584	439.081584	439.081584	439.081584	439.081584	437.725871	437.725871	437.725871	437.725871	437.725871	0.0036	0.0036	0.0036	0.0036	0.0036	0.01	0.01	0.01	0.01	0.01	0.0092	0.0092	0.0092	0.0092	0.0092	0.0023	0.0023	0.0023	0.0023	0.0023	0.00155	0.00155	0.00155	0.00155	0.00155	6.00E-04	6.00E-04	6.00E-04	6.00E-04	6.00E-04
TARA_B100000700	SAMEA2622690	ERS492699	TARA_122	TARA_20110728T1718Z_122_Combined-EVENTS_CAST	[DCM] deep chlorophyll maximum layer (ENVO:01000326)	115	0.22	3	TARA_122_DCM_0.22-3	SEQ-(10L-or-15min)_W0.22-3	TARA_20110728T1718Z_122_Combined-EVENTS_CAST_DCM_(115m)_SEQ-(10L-or-15min)_W0.22-3_B100000700	tara_20110726t1739z_122_event_cast	8.2893	P01DT23H40M	0	NA	NA	NA	NA	NA	NA	NA	NA	NA	NA	NA	NA	NA	NA	NA	NA	NA	NA	NA	NA	0	0	0	0	0	0.0107	0.0107	0.0107	0.0107	0.0107	0.0026	0.0026	0.0028	0.003	0.003	0.0093	0.0093	0.0093	0.0093	0.0093	0	0	0	0	0	0.0016	0.0016	0.00165	0.0017	0.0017
TARA_B100000678	SAMEA2622673	ERS492680	TARA_122	TARA_20110727T1932Z_122_Combined-EVENTS_CAST	[MES] marine water layer (ENVO:01000295) within the mesopelagic zone (ENVO:00000213)	600	0.22	3	TARA_122_MES_0.22-3	SEQ-(10L-or-15min)_W0.22-3	TARA_20110727T1932Z_122_Combined-EVENTS_CAST_MES_(600m)_SEQ-(10L-or-15min)_W0.22-3_B100000678	tara_20110726t1739z_122_event_cast	3.4432	P01DT01H53M	0	NA	NA	NA	NA	NA	NA	NA	NA	NA	NA	NA	NA	NA	NA	NA	NA	NA	NA	NA	NA	NA	NA	NA	NA	NA	NA	NA	NA	NA	NA	NA	NA	NA	NA	NA	NA	NA	NA	NA	NA	NA	NA	NA	NA	NA	NA	NA	NA	NA	NA
TARA_B100001115	SAMEA2622652	ERS492642	TARA_122	TARA_20110726T1710Z_122_EVENT_PUMP	[SRF] surface water layer (ENVO:00010504)	5	0.22	3	TARA_122_SRF_0.22-3	SEQ-(10L-or-15min)_W0.22-3	TARA_20110726T1710Z_122_EVENT_PUMP_SRF_(5m)_SEQ-(10L-or-15min)_W0.22-3_B100001115	tara_20110726t1739z_122_event_cast	2.0075	P00DT00H24M	1	7.470711	7.470711	7.470711	7.470711	7.470711	48.966505	48.966505	48.966505	48.966505	48.966505	1801.446465	1801.446465	1801.446465	1801.446465	1801.446465	1795.880934	1795.880934	1795.880934	1795.880934	1795.880934	0	0	0	0	0	0.0045	0.0045	0.0045	0.0045	0.0045	0.0041	0.0041	0.0041	0.0041	0.0041	0.003	0.003	0.003	0.003	0.003	0	0	0	0	0	0.0012	0.0012	0.0012	0.0012	0.0012
TARA_B100000949	SAMEA2622568	ERS492471	TARA_112	TARA_20110615T1845Z_112_Combined-EVENTS_CAST	[MES] marine water layer (ENVO:01000295) within the mesopelagic zone (ENVO:00000213)	696	0.22	3	TARA_112_MES_0.22-3	SEQ-(100L)_W0.22-3	TARA_20110615T1845Z_112_Combined-EVENTS_CAST_MES_(696m)_SEQ-(100L)_W0.22-3_B100000949	tara_20110614t1700z_112_event_cast	21.7485	P01DT01H48M	0	NA	NA	NA	NA	NA	NA	NA	NA	NA	NA	NA	NA	NA	NA	NA	NA	NA	NA	NA	NA	0	0	0	0	0	0	0	0	0	0	0	0	0	0	0	0	0	0	0	0	0	0	0	0	0	0	0	0	0	0
TARA_B100000945	SAMEA2622545	ERS492445	TARA_112	TARA_20110615T0059Z_112_Combined-EVENTS_CAST	[DCM] deep chlorophyll maximum layer (ENVO:01000326)	155	0.22	3	TARA_112_DCM_0.22-3	SEQ-(100L)_W0.22-3	TARA_20110615T0059Z_112_Combined-EVENTS_CAST_DCM_(155m)_SEQ-(100L)_W0.22-3_B100000945	tara_20110614t1700z_112_event_cast	12.7156	P00DT08H00M	0	NA	NA	NA	NA	NA	NA	NA	NA	NA	NA	NA	NA	NA	NA	NA	NA	NA	NA	NA	NA	0	0	0	0	0	0.0088	0.0088	0.0104	0.012	0.012	0.001	0.001	0.0011	0.0012	0.0012	0	0	0	0	0	0	0	0	0	0	0	0	0	0	0
TARA_B100000941	SAMEA2622518	ERS492408	TARA_112	TARA_20110614T1645Z_112_EVENT_PUMP	[SRF] surface water layer (ENVO:00010504)	5	0.22	3	TARA_112_SRF_0.22-3	SEQ-(100L)_W0.22-3	TARA_20110614T1645Z_112_EVENT_PUMP_SRF_(5m)_SEQ-(100L)_W0.22-3_B100000941	tara_20110614t1700z_112_event_cast	0.040252	P00DT00H09M	1	7.793725	7.793725	7.793725	7.793725	7.793725	22.327772	22.327772	22.327772	22.327772	22.327772	778.162264	778.162264	778.162264	778.162264	778.162264	775.687644	775.687644	775.687644	775.687644	775.687644	0	0	0	0	0	0.0017	0.0017	0.0018	0.0019	0.0019	0	0	0	0	0	0	0	0	0	0	0	0	0	0	0	0	0	0	0	0
TARA_B100000586	SAMEA2622499	ERS492381	TARA_111	TARA_20110601T1603Z_111_Combined-EVENTS_CAST	[MES] marine water layer (ENVO:01000295) within the mesopelagic zone (ENVO:00000213)	350	0.22	3	TARA_111_MES_0.22-3	SEQ-(100L)_W0.22-3	TARA_20110601T1603Z_111_Combined-EVENTS_CAST_MES_(350m)_SEQ-(100L)_W0.22-3_B100000586	tara_20110531t1416z_111_event_cast	4.5814	P01DT01H47M	0	NA	NA	NA	NA	NA	NA	NA	NA	NA	NA	NA	NA	NA	NA	NA	NA	NA	NA	NA	NA	0	0	0	0	0	0	0	0	0	0	0	0	0	0	0	0	0	0	0	0	0	0	0	0	0	0	0	0	0	0
TARA_B100000579	SAMEA2622478	ERS492357	TARA_111	TARA_20110531T2030Z_111_Combined-EVENTS_CAST	[DCM] deep chlorophyll maximum layer (ENVO:01000326)	90	0.22	3	TARA_111_DCM_0.22-3	SEQ-(10L-or-15min)_W0.22-3	TARA_20110531T2030Z_111_Combined-EVENTS_CAST_DCM_(90m)_SEQ-(10L-or-15min)_W0.22-3_B100000579	tara_20110531t1416z_111_event_cast	4.776	P00DT06H15M	0	NA	NA	NA	NA	NA	NA	NA	NA	NA	NA	NA	NA	NA	NA	NA	NA	NA	NA	NA	NA	0	0	0	0	0	0.0123	0.01275	0.0141	0.021075	0.0234	0.0026	0.002825	0.0035	0.006125	0.007	0.0033	0.00365	0.0047	0.0062	0.0067	0	0	0	0	0	7.00E-04	0.000725	8.00E-04	0.001025	0.0011
TARA_B100000575	SAMEA2622452	ERS492321	TARA_111	TARA_20110531T1425Z_111_EVENT_PUMP	[SRF] surface water layer (ENVO:00010504)	5	0.22	3	TARA_111_SRF_0.22-3	SEQ-(10L-or-15min)_W0.22-3	TARA_20110531T1425Z_111_EVENT_PUMP_SRF_(5m)_SEQ-(10L-or-15min)_W0.22-3_B100000575	tara_20110531t1416z_111_event_cast	0.35233	P00DT00H12M	1	8.049736	8.049736	8.049736	8.049736	8.049736	12.099805	12.099805	12.099805	12.099805	12.099805	405.640381	405.640381	405.640381	405.640381	405.640381	404.327962	404.327962	404.327962	404.327962	404.327962	0	0	0	0	0	0.0041	0.0041	0.0041	0.0041	0.0041	0.0027	0.0027	0.0027	0.0027	0.0027	0	0	0	0	0	0	0	0	0	0	0	0	0	0	0
TARA_B100001079	SAMEA2622429	ERS492294	TARA_110	TARA_20110522T1320Z_110_Combined-EVENTS_CAST	[MES] marine water layer (ENVO:01000295) within the mesopelagic zone (ENVO:00000213)	380	0.22	3	TARA_110_MES_0.22-3	SEQ-(100L)_W0.22-3	TARA_20110522T1320Z_110_Combined-EVENTS_CAST_MES_(380m)_SEQ-(100L)_W0.22-3_B100001079	tara_20110521t1240z_110_event_cast	13.4767	P01DT00H42M	0	NA	NA	NA	NA	NA	NA	NA	NA	NA	NA	NA	NA	NA	NA	NA	NA	NA	NA	NA	NA	NA	NA	NA	NA	NA	NA	NA	NA	NA	NA	NA	NA	NA	NA	NA	NA	NA	NA	NA	NA	NA	NA	NA	NA	NA	NA	NA	NA	NA	NA
TARA_B100001113	SAMEA2622402	ERS492264	TARA_110	TARA_20110521T2100Z_110_EVENT_PUMP	[DCM] deep chlorophyll maximum layer (ENVO:01000326)	50	0.22	3	TARA_110_DCM_0.22-3	SEQ-(100L)_W0.22-3	TARA_20110521T2100Z_110_EVENT_PUMP_DCM_(50m)_SEQ-(100L)_W0.22-3_B100001113	tara_20110521t1240z_110_event_cast	12.7625	P00DT08H22M	0	NA	NA	NA	NA	NA	NA	NA	NA	NA	NA	NA	NA	NA	NA	NA	NA	NA	NA	NA	NA	0	0	0	0	0	0.0274	0.02845	0.0316	0.035725	0.0371	0.0233	0.02475	0.0291	0.031125	0.0318	0.0047	0.004775	0.005	0.0077	0.0086	0	0	0	0.001875	0.0025	0.0019	0.001975	0.0022	0.002275	0.0023
TARA_B100001109	SAMEA2622376	ERS492228	TARA_110	TARA_20110521T1227Z_110_EVENT_PUMP	[SRF] surface water layer (ENVO:00010504)	5	0.22	3	TARA_110_SRF_0.22-3	SEQ-(100L)_W0.22-3	TARA_20110521T1227Z_110_EVENT_PUMP_SRF_(5m)_SEQ-(100L)_W0.22-3_B100001109	tara_20110521t1240z_110_event_cast	0.4838	P00DT00H10M	1	7.484872	7.484872	7.484872	7.484872	7.484872	50.225139	50.225139	50.225139	50.225139	50.225139	1724.757588	1724.757588	1724.757588	1724.757588	1724.757588	1719.253263	1719.253263	1719.253263	1719.253263	1719.253263	0	0	0	0	0	0.0075	0.0075	0.00855	0.0096	0.0096	0.011	0.011	0.0125	0.014	0.014	0	0	0	0	0	0	0	0	0	0	0.001	0.001	0.00155	0.0021	0.0021
TARA_B100000929	SAMEA2622362	ERS492205	TARA_109	TARA_20110513T1617Z_109_Combined-EVENTS_CAST	[MES] marine water layer (ENVO:01000295) within the mesopelagic zone (ENVO:00000213)	380	0.22	3	TARA_109_MES_0.22-3	SEQ-(10L-or-15min)_W0.22-3	TARA_20110513T1617Z_109_Combined-EVENTS_CAST_MES_(380m)_SEQ-(10L-or-15min)_W0.22-3_B100000929	tara_20110512t1345z_109_event_cast	8.3747	P01DT02H29M	0	NA	NA	NA	NA	NA	NA	NA	NA	NA	NA	NA	NA	NA	NA	NA	NA	NA	NA	NA	NA	NA	NA	NA	NA	NA	NA	NA	NA	NA	NA	NA	NA	NA	NA	NA	NA	NA	NA	NA	NA	NA	NA	NA	NA	NA	NA	NA	NA	NA	NA
TARA_B100000927	SAMEA2622336	ERS492177	TARA_109	TARA_20110512T2215Z_109_EVENT_PUMP	[DCM] deep chlorophyll maximum layer (ENVO:01000326)	30	0.22	3	TARA_109_DCM_0.22-3	SEQ-(10L-or-15min)_W0.22-3	TARA_20110512T2215Z_109_EVENT_PUMP_DCM_(30m)_SEQ-(10L-or-15min)_W0.22-3_B100000927	tara_20110512t1345z_109_event_cast	4.7915	P00DT08H36M	0	NA	NA	NA	NA	NA	NA	NA	NA	NA	NA	NA	NA	NA	NA	NA	NA	NA	NA	NA	NA	0	0	0	0	0	0.0127	0.015375	0.0234	0.023775	0.0239	0.0109	0.011425	0.013	0.0169	0.0182	0.0126	0.014325	0.0195	0.020775	0.0212	0	0	0	0	0	0.0088	0.0091	0.01	0.011725	0.0123
TARA_B100000925	SAMEA2622316	ERS492145	TARA_109	TARA_20110512T1400Z_109_EVENT_PUMP	[SRF] surface water layer (ENVO:00010504)	5	0.22	3	TARA_109_SRF_0.22-3	SEQ-(10L-or-15min)_W0.22-3	TARA_20110512T1400Z_109_EVENT_PUMP_SRF_(5m)_SEQ-(10L-or-15min)_W0.22-3_B100000925	tara_20110512t1345z_109_event_cast	0.002618	P00DT00H21M	1	8.021784	8.021784	8.021784	8.021784	8.021784	10.944395	10.944395	10.944395	10.944395	10.944395	409.791925	409.791925	409.791925	409.791925	409.791925	408.543322	408.543322	408.543322	408.543322	408.543322	0	0	0	0	0	0.002	0.002	0.00275	0.0035	0.0035	0.003	0.003	0.004	0.005	0.005	0.004	0.004	0.005	0.006	0.006	0	0	0	0	0	0.0043	0.0043	0.00545	0.0066	0.0066
TARA_B100000902	SAMEA2622219	ERS492012	TARA_102	TARA_20110422T2113Z_102_EVENT_PUMP	[DCM] deep chlorophyll maximum layer (ENVO:01000326)	40	0.22	3	TARA_102_DCM_0.22-3	SEQ-(10L-or-15min)_W0.22-3	TARA_20110422T2113Z_102_EVENT_PUMP_DCM_(40m)_SEQ-(10L-or-15min)_W0.22-3_B100000902	tara_20110421t2019z_102_event_cast	12.5221	P01DT00H56M	0	NA	NA	NA	NA	NA	NA	NA	NA	NA	NA	NA	NA	NA	NA	NA	NA	NA	NA	NA	NA	0	0	0	0	0	0.038	0.038	0.038	0.038	0.038	0.018	0.018	0.018	0.018	0.018	0.0334	0.0334	0.0334	0.0334	0.0334	0.0036	0.0036	0.0036	0.0036	0.0036	0.0123	0.0123	0.0123	0.0123	0.0123
TARA_B100000953	SAMEA2622197	ERS491980	TARA_102	TARA_20110422T1210Z_102_Combined-EVENTS_CAST	[MES] marine water layer (ENVO:01000295) within the mesopelagic zone (ENVO:00000213)	480	0.22	3	TARA_102_MES_0.22-3	SEQ-(10L-or-15min)_W0.22-3	TARA_20110422T1210Z_102_Combined-EVENTS_CAST_MES_(480m)_SEQ-(10L-or-15min)_W0.22-3_B100000953	tara_20110421t2019z_102_event_cast	1.2233	P00DT15H51M	0	NA	NA	NA	NA	NA	NA	NA	NA	NA	NA	NA	NA	NA	NA	NA	NA	NA	NA	NA	NA	0	0	0	0	0	0	0	0	0	0	0	0	0	0	0	0	0	0	0	0	0	0	0	0	0	0	0	0	0	0
TARA_B100000900	SAMEA2622173	ERS491938	TARA_102	TARA_20110421T2007Z_102_EVENT_PUMP	[SRF] surface water layer (ENVO:00010504)	5	0.22	3	TARA_102_SRF_0.22-3	SEQ-(10L-or-15min)_W0.22-3	TARA_20110421T2007Z_102_EVENT_PUMP_SRF_(5m)_SEQ-(10L-or-15min)_W0.22-3_B100000900	tara_20110421t2019z_102_event_cast	0.72016	P00DT00H09M	1	7.905094	7.905094	7.905094	7.905094	7.905094	16.56381	16.56381	16.56381	16.56381	16.56381	585.365934	585.365934	585.365934	585.365934	585.365934	583.524493	583.524493	583.524493	583.524493	583.524493	0	0	0	0	0	0.0045	0.0045	0.00475	0.005	0.005	0.0063	0.0063	0.00655	0.0068	0.0068	0.0095	0.0095	0.0104	0.0113	0.0113	0	0	0	0	0	0.0087	0.0087	0.0105	0.0123	0.0123
TARA_B100000959	SAMEA2622149	ERS491913	TARA_100	TARA_20110416T1306Z_100_Combined-EVENTS_CAST	[DCM] deep chlorophyll maximum layer (ENVO:01000326)	177	0.22	3	TARA_100_DCM_0.22-3	SEQ-(10L-or-15min)_W0.22-3	TARA_20110416T1306Z_100_Combined-EVENTS_CAST_DCM_(177m)_SEQ-(10L-or-15min)_W0.22-3_B100000959	tara_20110421t2019z_102_event_cast	1468.8608	P05DT07H13M	NA	NA	NA	NA	NA	NA	NA	NA	NA	NA	NA	NA	NA	NA	NA	NA	NA	NA	NA	NA	NA	0	0	0	0	0	1.00E-04	1.00E-04	1.00E-04	1.00E-04	1.00E-04	0	0	0	0	0	0	0	0	0	0	0	0	0	0	0	0	0	0	0	0
TARA_B100000965	SAMEA2622119	ERS491874	TARA_100	TARA_20110415T1938Z_100_EVENT_PUMP	[DCM] deep chlorophyll maximum layer (ENVO:01000326)	50	0.22	3	TARA_100_DCM_0.22-3	SEQ-(10L-or-15min)_W0.22-3	TARA_20110415T1938Z_100_EVENT_PUMP_DCM_(50m)_SEQ-(10L-or-15min)_W0.22-3_B100000965	tara_20110421t2019z_102_event_cast	1467.43	P06DT00H38M	NA	NA	NA	NA	NA	NA	NA	NA	NA	NA	NA	NA	NA	NA	NA	NA	NA	NA	NA	NA	NA	0	0	0	0	0	0.0099	0.0099	0.0099	0.0099	0.0099	0.0096	0.0096	0.0096	0.0096	0.0096	0.0061	0.0061	0.0061	0.0061	0.0061	0	0	0	0	0	0.002	0.002	0.002	0.002	0.002
TARA_B100000963	SAMEA2622097	ERS491836	TARA_100	TARA_20110415T1245Z_100_EVENT_PUMP	[SRF] surface water layer (ENVO:00010504)	5	0.22	3	TARA_100_SRF_0.22-3	SEQ-(10L-or-15min)_W0.22-3	TARA_20110415T1245Z_100_EVENT_PUMP_SRF_(5m)_SEQ-(10L-or-15min)_W0.22-3_B100000963	tara_20110421t2019z_102_event_cast	1466.1157	P06DT07H31M	NA	NA	NA	NA	NA	NA	NA	NA	NA	NA	NA	NA	NA	NA	NA	NA	NA	NA	NA	NA	NA	0	0	0	0	0	0.0049	0.0049	0.0049	0.0049	0.0049	0.0066	0.0066	0.0066	0.0066	0.0066	0.0017	0.0017	0.0017	0.0017	0.0017	0	0	0	0	0	8.00E-04	8.00E-04	8.00E-04	8.00E-04	8.00E-04
TARA_B100000886	SAMEA2622074	ERS491804	TARA_099	TARA_20110409T1356Z_099_EVENT_PUMP	[SRF] surface water layer (ENVO:00010504)	5	0.22	3	TARA_099_SRF_0.22-3	SEQ-(100L)_W0.22-3	TARA_20110409T1356Z_099_EVENT_PUMP_SRF_(5m)_SEQ-(100L)_W0.22-3_B100000886	tara_20110405t0239z_098_event_cast	889.0322	P04DT11H19M	NA	NA	NA	NA	NA	NA	NA	NA	NA	NA	NA	NA	NA	NA	NA	NA	NA	NA	NA	NA	NA	0	0	0	0	0	6.00E-04	6.00E-04	6.00E-04	6.00E-04	6.00E-04	3.00E-04	3.00E-04	3.00E-04	3.00E-04	3.00E-04	0	0	0	0	0	0	0	0	0	0	0	0	0	0	0
TARA_B100001013	SAMEA2622048	ERS491767	TARA_098	TARA_20110404T1359Z_098_Combined-EVENTS_CAST	[MES] marine water layer (ENVO:01000295) within the mesopelagic zone (ENVO:00000213)	488	0.22	3	TARA_098_MES_0.22-3	SEQ-(100L)_W0.22-3	TARA_20110404T1359Z_098_Combined-EVENTS_CAST_MES_(488m)_SEQ-(100L)_W0.22-3_B100001013	tara_20110405t0239z_098_event_cast	15.2892	P00DT12H41M	0	NA	NA	NA	NA	NA	NA	NA	NA	NA	NA	NA	NA	NA	NA	NA	NA	NA	NA	NA	NA	0	0	0	0	0	0	0	0	0	0	0	0	0	0	0	0	0	0	0	0	0	0	0	0	0	0	0	0	0	0
TARA_B100001029	SAMEA2622021	ERS491740	TARA_098	TARA_20110403T2150Z_098_Combined-EVENTS_CAST	[DCM] deep chlorophyll maximum layer (ENVO:01000326)	188	0.22	3	TARA_098_DCM_0.22-3	SEQ-(100L)_W0.22-3	TARA_20110403T2150Z_098_Combined-EVENTS_CAST_DCM_(188m)_SEQ-(100L)_W0.22-3_B100001029	tara_20110405t0239z_098_event_cast	10.9772	P01DT04H46M	0	NA	NA	NA	NA	NA	NA	NA	NA	NA	NA	NA	NA	NA	NA	NA	NA	NA	NA	NA	NA	NA	NA	NA	NA	NA	NA	NA	NA	NA	NA	NA	NA	NA	NA	NA	NA	NA	NA	NA	NA	NA	NA	NA	NA	NA	NA	NA	NA	NA	NA
TARA_B100001027	SAMEA2621990	ERS491699	TARA_098	TARA_20110403T1344Z_098_EVENT_PUMP	[SRF] surface water layer (ENVO:00010504)	5	0.22	3	TARA_098_SRF_0.22-3	SEQ-(100L)_W0.22-3	TARA_20110403T1344Z_098_EVENT_PUMP_SRF_(5m)_SEQ-(100L)_W0.22-3_B100001027	tara_20110405t0239z_098_event_cast	13.2335	P01DT12H52M	1	8.031112	8.031112	8.031112	8.031112	8.031112	11.888376	11.888376	11.888376	11.888376	11.888376	427.18676	427.18676	427.18676	427.18676	427.18676	425.848133	425.848133	425.848133	425.848133	425.848133	NA	NA	NA	NA	NA	NA	NA	NA	NA	NA	NA	NA	NA	NA	NA	NA	NA	NA	NA	NA	NA	NA	NA	NA	NA	NA	NA	NA	NA	NA
TARA_B100000989	SAMEA2621859	ERS491525	TARA_096	TARA_20110324T1300Z_096_EVENT_PUMP	[SRF] surface water layer (ENVO:00010504)	5	0.22	3	TARA_096_SRF_0.22-3	SEQ-(100L)_W0.22-3	TARA_20110324T1300Z_096_EVENT_PUMP_SRF_(5m)_SEQ-(100L)_W0.22-3_B100000989	tara_20110324t1301z_096_event_cast	0.004906	P00DT00H07M	1	8.028524	8.028524	8.028524	8.028524	8.028524	12.400552	12.400552	12.400552	12.400552	12.400552	426.664877	426.664877	426.664877	426.664877	426.664877	425.301903	425.301903	425.301903	425.301903	425.301903	NA	NA	NA	NA	NA	NA	NA	NA	NA	NA	NA	NA	NA	NA	NA	NA	NA	NA	NA	NA	NA	NA	NA	NA	NA	NA	NA	NA	NA	NA
TARA_B100001057	SAMEA2621839	ERS491492	TARA_094	TARA_20110318T1157Z_094_EVENT_PUMP	[SRF] surface water layer (ENVO:00010504)	5	0.22	3	TARA_094_SRF_0.22-3	SEQ-(100L)_W0.22-3	TARA_20110318T1157Z_094_EVENT_PUMP_SRF_(5m)_SEQ-(100L)_W0.22-3_B100001057	tara_20110318t1211z_094_event_cast	0.48979	P00DT00H12M	1	8.052847	8.052847	8.052847	8.052847	8.052847	12.378079	12.378079	12.378079	12.378079	12.378079	394.0586	394.0586	394.0586	394.0586	394.0586	392.757006	392.757006	392.757006	392.757006	392.757006	0	0	0	0	0	0.0031	0.0031	0.00325	0.0034	0.0034	0.0012	0.0012	0.0013	0.0014	0.0014	0.0011	0.0011	0.00115	0.0012	0.0012	0	0	0	0	0	0.0014	0.0014	0.0015	0.0016	0.0016
TARA_B100001059	SAMEA2621812	ERS491463	TARA_093	TARA_20110312T1937Z_093_Combined-EVENTS_CAST	[DCM] deep chlorophyll maximum layer (ENVO:01000326)	35	0.22	3	TARA_093_DCM_0.22-3	SEQ-(100L)_W0.22-3	TARA_20110312T1937Z_093_Combined-EVENTS_CAST_DCM_(35m)_SEQ-(100L)_W0.22-3_B100001059	tara_20110312t1154z_093_event_cast	15.4927	P00DT07H46M	0	NA	NA	NA	NA	NA	NA	NA	NA	NA	NA	NA	NA	NA	NA	NA	NA	NA	NA	NA	NA	0.0189	0.0189	0.0214	0.0239	0.0239	0.0773	0.0773	0.0898	0.1023	0.1023	0.696	0.696	0.7106	0.7252	0.7252	0	0	0	0	0	0.0149	0.0149	0.02045	0.026	0.026	0.0014	0.0014	0.0017	0.002	0.002
TARA_B100001063	SAMEA2621779	ERS491421	TARA_093	TARA_20110312T1134Z_093_EVENT_PUMP	[SRF] surface water layer (ENVO:00010504)	5	0.22	3	TARA_093_SRF_0.22-3	SEQ-(100L)_W0.22-3	TARA_20110312T1134Z_093_EVENT_PUMP_SRF_(5m)_SEQ-(100L)_W0.22-3_B100001063	tara_20110312t1154z_093_event_cast	2.4938	P00DT00H15M	1	8.092858	8.092858	8.092858	8.092858	8.092858	12.065853	12.065853	12.065853	12.065853	12.065853	352.28385	352.28385	352.28385	352.28385	352.28385	351.07557	351.07557	351.07557	351.07557	351.07557	0	0	0	0	0	0.0095	0.0095	0.0114	0.0133	0.0133	0.0163	0.0163	0.0218	0.0273	0.0273	0	0	0	0	0	7.00E-04	7.00E-04	8.00E-04	9.00E-04	9.00E-04	0.0014	0.0014	0.0014	0.0014	0.0014
TARA_B100000809	SAMEA2621551	ERS491110	TARA_085	TARA_20110107T1041Z_085_Combined-EVENTS_CAST	[MES] marine water layer (ENVO:01000295) within the mesopelagic zone (ENVO:00000213)	790	0.22	3	TARA_085_MES_0.22-3	SEQ-(100L)_W0.22-3	TARA_20110107T1041Z_085_Combined-EVENTS_CAST_MES_(790m)_SEQ-(100L)_W0.22-3_B100000809	tara_20110109t1726z_086_event_cast	320.3162	P02DT06H48M	NA	NA	NA	NA	NA	NA	NA	NA	NA	NA	NA	NA	NA	NA	NA	NA	NA	NA	NA	NA	NA	NA	NA	NA	NA	NA	NA	NA	NA	NA	NA	NA	NA	NA	NA	NA	NA	NA	NA	NA	NA	NA	NA	NA	NA	NA	NA	NA	NA	NA	NA
TARA_B100000795	SAMEA2621536	ERS491095	TARA_085	TARA_20110106T1936Z_085_Combined-EVENTS_CAST	[DCM] deep chlorophyll maximum layer (ENVO:01000326)	90	0.22	3	TARA_085_DCM_0.22-3	SEQ-(10L-or-15min)_W0.22-3	TARA_20110106T1936Z_085_Combined-EVENTS_CAST_DCM_(90m)_SEQ-(10L-or-15min)_W0.22-3_B100000795	tara_20110109t1726z_086_event_cast	305.858	P02DT21H53M	NA	NA	NA	NA	NA	NA	NA	NA	NA	NA	NA	NA	NA	NA	NA	NA	NA	NA	NA	NA	NA	NA	NA	NA	NA	NA	NA	NA	NA	NA	NA	NA	NA	NA	NA	NA	NA	NA	NA	NA	NA	NA	NA	NA	NA	NA	NA	NA	NA	NA	NA
TARA_B100000787	SAMEA2621509	ERS491044	TARA_085	TARA_20110106T1038Z_085_EVENT_PUMP	[SRF] surface water layer (ENVO:00010504)	5	0.22	3	TARA_085_SRF_0.22-3	SEQ-(10L-or-15min)_W0.22-3	TARA_20110106T1038Z_085_EVENT_PUMP_SRF_(5m)_SEQ-(10L-or-15min)_W0.22-3_B100000787	tara_20110109t1726z_086_event_cast	313.0505	P03DT06H49M	NA	NA	NA	NA	NA	NA	NA	NA	NA	NA	NA	NA	NA	NA	NA	NA	NA	NA	NA	NA	NA	0.0112	0.0112	0.0155	0.0198	0.0198	0.0035	0.0035	0.00375	0.004	0.004	0.0265	0.0265	0.02675	0.027	0.027	0	0	0	0	0	0	0	0	0	0	0	0	0	0	0
TARA_B100000780	SAMEA2621487	ERS491001	TARA_084	TARA_20110103T1105Z_084_EVENT_PUMP	[SRF] surface water layer (ENVO:00010504)	5	0.22	3	TARA_084_SRF_0.22-3	SEQ-(10L-or-15min)_W0.22-3	TARA_20110103T1105Z_084_EVENT_PUMP_SRF_(5m)_SEQ-(10L-or-15min)_W0.22-3_B100000780	tara_20110103t1117z_084_event_cast	0.43015	P00DT00H05M	0	NA	NA	NA	NA	NA	NA	NA	NA	NA	NA	NA	NA	NA	NA	NA	NA	NA	NA	NA	NA	NA	NA	NA	NA	NA	NA	NA	NA	NA	NA	NA	NA	NA	NA	NA	NA	NA	NA	NA	NA	NA	NA	NA	NA	NA	NA	NA	NA	NA	NA
TARA_B100000767	SAMEA2621423	ERS490928	TARA_082	TARA_20101206T1858Z_082_EVENT_PUMP	[DCM] deep chlorophyll maximum layer (ENVO:01000326)	40	0.22	3	TARA_082_DCM_0.22-3	SEQ-(10L-or-15min)_W0.22-3	TARA_20101206T1858Z_082_EVENT_PUMP_DCM_(40m)_SEQ-(10L-or-15min)_W0.22-3_B100000767	tara_20101202t1010z_081_event_cast	517.1282	P04DT08H46M	NA	NA	NA	NA	NA	NA	NA	NA	NA	NA	NA	NA	NA	NA	NA	NA	NA	NA	NA	NA	NA	NA	NA	NA	NA	NA	NA	NA	NA	NA	NA	NA	NA	NA	NA	NA	NA	NA	NA	NA	NA	NA	NA	NA	NA	NA	NA	NA	NA	NA	NA
TARA_B100000768	SAMEA2621401	ERS490885	TARA_082	TARA_20101206T1033Z_082_EVENT_PUMP	[SRF] surface water layer (ENVO:00010504)	5	0.22	3	TARA_082_SRF_0.22-3	SEQ-(10L-or-15min)_W0.22-3	TARA_20101206T1033Z_082_EVENT_PUMP_SRF_(5m)_SEQ-(10L-or-15min)_W0.22-3_B100000768	tara_20101202t1010z_081_event_cast	538.4265	P04DT00H21M	NA	NA	NA	NA	NA	NA	NA	NA	NA	NA	NA	NA	NA	NA	NA	NA	NA	NA	NA	NA	NA	NA	NA	NA	NA	NA	NA	NA	NA	NA	NA	NA	NA	NA	NA	NA	NA	NA	NA	NA	NA	NA	NA	NA	NA	NA	NA	NA	NA	NA	NA
TARA_B100000745	SAMEA2621287	ERS490714	TARA_078	TARA_20101105T1235Z_078_Combined-EVENTS_CAST	[MES] marine water layer (ENVO:01000295) within the mesopelagic zone (ENVO:00000213)	800	0.22	3	TARA_078_MES_0.22-3	SEQ-(100L)_W0.22-3	TARA_20101105T1235Z_078_Combined-EVENTS_CAST_MES_(800m)_SEQ-(100L)_W0.22-3_B100000745	tara_20101104t1024z_078_event_cast	1.0054	P01DT02H08M	0	NA	NA	NA	NA	NA	NA	NA	NA	NA	NA	NA	NA	NA	NA	NA	NA	NA	NA	NA	NA	0	0	0	0	0	0	0	0	0	0	0	0	0	0	0	0	0	0	0	0	0	0	0	0	0	0	0	0	0	0
TARA_B100000530	SAMEA2621272	ERS490691	TARA_078	TARA_20101104T1816Z_078_Combined-EVENTS_CAST	[DCM] deep chlorophyll maximum layer (ENVO:01000326)	120	0.22	3	TARA_078_DCM_0.22-3	SEQ-(100L)_W0.22-3	TARA_20101104T1816Z_078_Combined-EVENTS_CAST_DCM_(120m)_SEQ-(100L)_W0.22-3_B100000530	tara_20101104t1024z_078_event_cast	2.1901	P00DT07H51M	0	NA	NA	NA	NA	NA	NA	NA	NA	NA	NA	NA	NA	NA	NA	NA	NA	NA	NA	NA	NA	0	0	0	0	0	0.0343	0.0343	0.0343	0.0343	0.0343	0.0064	0.0064	0.0064	0.0064	0.0064	0.002	0.002	0.002	0.002	0.002	0.0028	0.0028	0.0028	0.0028	0.0028	5.00E-04	5.00E-04	5.00E-04	5.00E-04	5.00E-04
TARA_B100000524	SAMEA2621254	ERS490659	TARA_078	TARA_20101104T1015Z_078_EVENT_PUMP	[SRF] surface water layer (ENVO:00010504)	5	0.22	3	TARA_078_SRF_0.22-3	SEQ-(10L-or-15min)_W0.22-3	TARA_20101104T1015Z_078_EVENT_PUMP_SRF_(5m)_SEQ-(10L-or-15min)_W0.22-3_B100000524	tara_20101104t1024z_078_event_cast	0.16125	P00DT00H00M	1	8.101368	8.101368	8.101368	8.101368	8.101368	11.348365	11.348365	11.348365	11.348365	11.348365	352.602797	352.602797	352.602797	352.602797	352.602797	351.420547	351.420547	351.420547	351.420547	351.420547	0	0	0	0	0	0.0027	0.0027	0.0027	0.0027	0.0027	0.0053	0.0053	0.0054	0.0055	0.0055	0	0	0	0	0	0	0	0	0	0	3.00E-04	3.00E-04	3.00E-04	3.00E-04	3.00E-04
TARA_B100000749	SAMEA2621232	ERS490633	TARA_076	TARA_20101017T0905Z_076_Combined-EVENTS_CAST	[MES] marine water layer (ENVO:01000295) within the mesopelagic zone (ENVO:00000213)	800	0.22	3	TARA_076_MES_0.22-3	SEQ-(100L)_W0.22-3	TARA_20101017T0905Z_076_Combined-EVENTS_CAST_MES_(800m)_SEQ-(100L)_W0.22-3_B100000749	tara_20101016t1009z_076_event_cast	1.9965	P00DT22H57M	0	NA	NA	NA	NA	NA	NA	NA	NA	NA	NA	NA	NA	NA	NA	NA	NA	NA	NA	NA	NA	0	0	0	0	0	0	0	0	0	0	0	0	0	0	0	0	0	0	0	0	0	0	0	0	0	0	0	0	0	0
TARA_B100000519	SAMEA2621216	ERS490597	TARA_076	TARA_20101016T1700Z_076_Combined-EVENTS_CAST	[DCM] deep chlorophyll maximum layer (ENVO:01000326)	150	0.22	3	TARA_076_DCM_0.22-3	SEQ-(100L)_W0.22-3	TARA_20101016T1700Z_076_Combined-EVENTS_CAST_DCM_(150m)_SEQ-(100L)_W0.22-3_B100000519	tara_20101016t1009z_076_event_cast	18.7506	P00DT06H50M	0	NA	NA	NA	NA	NA	NA	NA	NA	NA	NA	NA	NA	NA	NA	NA	NA	NA	NA	NA	NA	0	0	0	0	0	0.0151	0.0151	0.01715	0.0192	0.0192	0.0023	0.0023	0.00245	0.0026	0.0026	5.00E-04	5.00E-04	6.00E-04	7.00E-04	7.00E-04	7.00E-04	7.00E-04	0.00085	0.001	0.001	0	0	0	0	0
TARA_B100000513	SAMEA2621198	ERS490542	TARA_076	TARA_20101016T0955Z_076_EVENT_PUMP	[SRF] surface water layer (ENVO:00010504)	5	0.22	3	TARA_076_SRF_0.22-3	SEQ-(10L-or-15min)_W0.22-3	TARA_20101016T0955Z_076_EVENT_PUMP_SRF_(5m)_SEQ-(10L-or-15min)_W0.22-3_B100000513	tara_20101016t1009z_076_event_cast	1.7268	P00DT00H12M	1	8.084707	8.084707	8.084707	8.084707	8.084707	10.872174	10.872174	10.872174	10.872174	10.872174	372.545678	372.545678	372.545678	372.545678	372.545678	371.349312	371.349312	371.349312	371.349312	371.349312	0	0	0	0	0	0.0016	0.0016	0.0016	0.0016	0.0016	0.0019	0.0019	0.0019	0.0019	0.0019	0	0	0	0	0	0	0	0	0	0	0	0	0	0	0
TARA_B100000508	SAMEA2621176	ERS490507	TARA_072	TARA_20101006T0759Z_072_Combined-EVENTS_CAST	[MES] marine water layer (ENVO:01000295) within the mesopelagic zone (ENVO:00000213)	800	0.22	3	TARA_072_MES_0.22-3	SEQ-(100L)_W0.22-3	TARA_20101006T0759Z_072_Combined-EVENTS_CAST_MES_(800m)_SEQ-(100L)_W0.22-3_B100000508	tara_20101005t0810z_072_event_cast	2.6747	P00DT23H47M	0	NA	NA	NA	NA	NA	NA	NA	NA	NA	NA	NA	NA	NA	NA	NA	NA	NA	NA	NA	NA	0	0	0	0	0	0	0	0	0	0	0	0	0	0	0	0	0	0	0	0	0	0	0	0	0	0	0	0	0	0
TARA_B100000427	SAMEA2621155	ERS490476	TARA_072	TARA_20101005T1535Z_072_EVENT_PUMP	[DCM] deep chlorophyll maximum layer (ENVO:01000326)	100	0.22	3	TARA_072_DCM_0.22-3	SEQ-(100L)_W0.22-3	TARA_20101005T1535Z_072_EVENT_PUMP_DCM_(100m)_SEQ-(100L)_W0.22-3_B100000427	tara_20101005t0810z_072_event_cast	7.3764	P00DT07H24M	0	NA	NA	NA	NA	NA	NA	NA	NA	NA	NA	NA	NA	NA	NA	NA	NA	NA	NA	NA	NA	0	0	0	0	0	0.0261	0.034975	0.0616	0.064525	0.0655	0.0052	0.00605	0.0086	0.00875	0.0088	0.0025	0.00395	0.0083	0.0098	0.0103	0.001	0.001325	0.0023	0.002375	0.0024	0.0012	0.001375	0.0019	0.00205	0.0021
TARA_B100000424	SAMEA2621132	ERS490433	TARA_072	TARA_20101005T0800Z_072_EVENT_PUMP	[SRF] surface water layer (ENVO:00010504)	5	0.22	3	TARA_072_SRF_0.22-3	SEQ-(100L)_W0.22-3	TARA_20101005T0800Z_072_EVENT_PUMP_SRF_(5m)_SEQ-(100L)_W0.22-3_B100000424	tara_20101005t0810z_072_event_cast	0.4196	P00DT00H10M	1	8.06029	8.06029	8.06029	8.06029	8.06029	11.00154	11.00154	11.00154	11.00154	11.00154	391.889745	391.889745	391.889745	391.889745	391.889745	390.65649	390.65649	390.65649	390.65649	390.65649	0	0	0	0	0	0.0038	0.0038	0.0038	0.0038	0.0038	0.0018	0.0018	0.0018	0.0018	0.0018	0	0	0	0	0	0	0	0	0	0	0	0	0	0	0
TARA_B100000446	SAMEA2621092	ERS490373	TARA_070	TARA_20100922T0637Z_070_Combined-EVENTS_CAST	[MES] marine water layer (ENVO:01000295) within the mesopelagic zone (ENVO:00000213)	800	0.22	3	TARA_070_MES_0.22-3	SEQ-(100L)_W0.22-3	TARA_20100922T0637Z_070_Combined-EVENTS_CAST_MES_(800m)_SEQ-(100L)_W0.22-3_B100000446	tara_20100921t0707z_070_event_cast	3.9692	P00DT04H51M	0	NA	NA	NA	NA	NA	NA	NA	NA	NA	NA	NA	NA	NA	NA	NA	NA	NA	NA	NA	NA	NA	NA	NA	NA	NA	NA	NA	NA	NA	NA	NA	NA	NA	NA	NA	NA	NA	NA	NA	NA	NA	NA	NA	NA	NA	NA	NA	NA	NA	NA
TARA_B100000459	SAMEA2621066	ERS490327	TARA_070	TARA_20100921T0655Z_070_EVENT_PUMP	[SRF] surface water layer (ENVO:00010504)	5	0.22	3	TARA_070_SRF_0.22-3	SEQ-(100L)_W0.22-3	TARA_20100921T0655Z_070_EVENT_PUMP_SRF_(5m)_SEQ-(100L)_W0.22-3_B100000459	tara_20100921t0707z_070_event_cast	3.2513	P00DT00H10M	1	8.057761	8.057761	8.057761	8.057761	8.057761	12.878576	12.878576	12.878576	12.878576	12.878576	399.038779	399.038779	399.038779	399.038779	399.038779	397.699004	397.699004	397.699004	397.699004	397.699004	0	0	0	0	0	0.0384	0.0384	0.04	0.0416	0.0416	0.0103	0.0103	0.0103	0.0103	0.0103	0.0031	0.0031	0.0033	0.0035	0.0035	0	0	0	0	0	0.001	0.001	0.00105	0.0011	0.0011
TARA_B100000482	SAMEA2621037	ERS490296	TARA_068	TARA_20100914T1330Z_068_EVENT_PUMP	[DCM] deep chlorophyll maximum layer (ENVO:01000326)	50	0.22	3	TARA_068_DCM_0.22-3	SEQ-(100L)_W0.22-3	TARA_20100914T1330Z_068_EVENT_PUMP_DCM_(50m)_SEQ-(100L)_W0.22-3_B100000482	"tara_20100913t1857z_068_event_cast,tara_20100913t1708z_068_event_cast"	3.42	P00DT18H33M	0	NA	NA	NA	NA	NA	NA	NA	NA	NA	NA	NA	NA	NA	NA	NA	NA	NA	NA	NA	NA	0	0	0	0	0	0.0692	0.0692	0.0692	0.0692	0.0692	0.0183	0.0183	0.0183	0.0183	0.0183	0.0038	0.0038	0.0038	0.0038	0.0038	0.0048	0.0048	0.0048	0.0048	0.0048	0.0024	0.0024	0.0024	0.0024	0.0024
TARA_B100000475	SAMEA2621013	ERS490265	TARA_068	TARA_20100914T0655Z_068_EVENT_PUMP	[SRF] surface water layer (ENVO:00010504)	5	0.22	3	TARA_068_SRF_0.22-3	SEQ-(100L)_W0.22-3	TARA_20100914T0655Z_068_EVENT_PUMP_SRF_(5m)_SEQ-(100L)_W0.22-3_B100000475	"tara_20100913t1857z_068_event_cast,tara_20100913t1708z_068_event_cast"	2.9397	P00DT11H58M	1	8.087022	8.087022	8.087022	8.087022	8.087022	12.727681	12.727681	12.727681	12.727681	12.727681	363.350186	363.350186	363.350186	363.350186	363.350186	362.087593	362.087593	362.087593	362.087593	362.087593	0	0	0	0	0	0.0265	0.0265	0.0462	0.0659	0.0659	0.0109	0.0109	0.01515	0.0194	0.0194	0.0017	0.0017	0.00255	0.0034	0.0034	0.0021	0.0021	0.0034	0.0047	0.0047	0	0	0.00155	0.0031	0.0031
TARA_B100000470	SAMEA2620995	ERS490230	TARA_068	TARA_20100913T1303Z_068_Combined-EVENTS_CAST	[MES] marine water layer (ENVO:01000295) within the mesopelagic zone (ENVO:00000213)	700	0.22	3	TARA_068_MES_0.22-3	SEQ-(100L)_W0.22-3	TARA_20100913T1303Z_068_Combined-EVENTS_CAST_MES_(700m)_SEQ-(100L)_W0.22-3_B100000470	"tara_20100913t1708z_068_event_cast,tara_20100913t1857z_068_event_cast"	3.7418	P00DT04H04M	0	NA	NA	NA	NA	NA	NA	NA	NA	NA	NA	NA	NA	NA	NA	NA	NA	NA	NA	NA	NA	0	0	0	0	0	0	0	0	0	0	0.0021	0.0021	0.0021	0.0021	0.0021	0	0	0	0	0	0	0	0	0	0	0	0	0	0	0
TARA_B100000497	SAMEA2620970	ERS490183	TARA_067	TARA_20100907T0619Z_067_EVENT_PUMP	[SRF] surface water layer (ENVO:00010504)	5	0.22	3	TARA_067_SRF_0.22-3	SEQ-(100L)_W0.22-3	TARA_20100907T0619Z_067_EVENT_PUMP_SRF_(5m)_SEQ-(100L)_W0.22-3_B100000497	tara_20100907t0635z_067_event_cast	0.97425	P00DT00H16M	1	8.025701	8.025701	8.025701	8.025701	8.025701	17.005393	17.005393	17.005393	17.005393	17.005393	425.604647	425.604647	425.604647	425.604647	425.604647	424.045046	424.045046	424.045046	424.045046	424.045046	0.2151	0.2151	0.2919	0.3687	0.3687	0.0518	0.0518	0.07385	0.0959	0.0959	1.5115	1.5115	2.1997	2.8879	2.8879	0.0331	0.0331	0.0483	0.0635	0.0635	0.1117	0.1117	0.1434	0.1751	0.1751	0.0146	0.0146	0.0288	0.043	0.043
TARA_B000000477	SAMEA2620950	ERS490163	TARA_066	TARA_20100715T1539Z_066_Combined-EVENTS_CAST	[DCM] deep chlorophyll maximum layer (ENVO:01000326)	30	0.22	3	TARA_066_DCM_0.22-3	SEQ-(100L)_W0.22-3	TARA_20100715T1539Z_066_Combined-EVENTS_CAST_DCM_(30m)_SEQ-(100L)_W0.22-3_B000000477	tara_20100715t1230z_066_event_cast	11.2044	P00DT03H09M	0	NA	NA	NA	NA	NA	NA	NA	NA	NA	NA	NA	NA	NA	NA	NA	NA	NA	NA	NA	NA	0.0242	0.0242	0.0245	0.0248	0.0248	0.025	0.025	0.0276	0.0302	0.0302	0.0273	0.0273	0.0296	0.0319	0.0319	0.0049	0.0049	0.00545	0.006	0.006	0.0142	0.0142	0.01535	0.0165	0.0165	0.0014	0.0014	0.00175	0.0021	0.0021
TARA_B000000475	SAMEA2620929	ERS490124	TARA_066	TARA_20100715T1222Z_066_EVENT_PUMP	[SRF] surface water layer (ENVO:00010504)	5	0.22	3	TARA_066_SRF_0.22-3	SEQ-(100L)_W0.22-3	TARA_20100715T1222Z_066_EVENT_PUMP_SRF_(5m)_SEQ-(100L)_W0.22-3_B000000475	tara_20100715t1230z_066_event_cast	1.8748	P00DT00H04M	1	8.10696	8.10696	8.10696	8.10696	8.10696	12.73317	12.73317	12.73317	12.73317	12.73317	342.386945	342.386945	342.386945	342.386945	342.386945	341.167562	341.167562	341.167562	341.167562	341.167562	0.0244	0.0244	0.0244	0.0244	0.0244	0.0271	0.0271	0.0271	0.0271	0.0271	0.0302	0.0302	0.0302	0.0302	0.0302	0.0051	0.0051	0.0051	0.0051	0.0051	0.0139	0.0139	0.0139	0.0139	0.0139	0.0013	0.0013	0.0013	0.0013	0.0013
TARA_B000000441	SAMEA2620890	ERS490085	TARA_065	TARA_20100712T1106Z_065_Combined-EVENTS_CAST	[DCM] deep chlorophyll maximum layer (ENVO:01000326)	30	0.22	3	TARA_065_DCM_0.22-3	SEQ-(100L)_W0.22-3	TARA_20100712T1106Z_065_Combined-EVENTS_CAST_DCM_(30m)_SEQ-(100L)_W0.22-3_B000000441	tara_20100715t1230z_066_event_cast	761.6375	P03DT01H23M	NA	NA	NA	NA	NA	NA	NA	NA	NA	NA	NA	NA	NA	NA	NA	NA	NA	NA	NA	NA	NA	NA	NA	NA	NA	NA	NA	NA	NA	NA	NA	NA	NA	NA	NA	NA	NA	NA	NA	NA	NA	NA	NA	NA	NA	NA	NA	NA	NA	NA	NA
TARA_B000000460	SAMEA2620882	ERS490065	TARA_065	TARA_20100712T0650Z_065_Combined-EVENTS_CAST	[MES] marine water layer (ENVO:01000295) within the mesopelagic zone (ENVO:00000213)	850	0.22	3	TARA_065_MES_0.22-3	SEQ-(100L)_W0.22-3	TARA_20100712T0650Z_065_Combined-EVENTS_CAST_MES_(850m)_SEQ-(100L)_W0.22-3_B000000460	tara_20100715t1230z_066_event_cast	760.3447	P03DT05H40M	NA	NA	NA	NA	NA	NA	NA	NA	NA	NA	NA	NA	NA	NA	NA	NA	NA	NA	NA	NA	NA	NA	NA	NA	NA	NA	NA	NA	NA	NA	NA	NA	NA	NA	NA	NA	NA	NA	NA	NA	NA	NA	NA	NA	NA	NA	NA	NA	NA	NA	NA
TARA_B000000437	SAMEA2620855	ERS490029	TARA_065	TARA_20100712T0559Z_065_EVENT_PUMP	[SRF] surface water layer (ENVO:00010504)	5	0.22	3	TARA_065_SRF_0.22-3	SEQ-(100L)_W0.22-3	TARA_20100712T0559Z_065_EVENT_PUMP_SRF_(5m)_SEQ-(100L)_W0.22-3_B000000437	tara_20100715t1230z_066_event_cast	760.0193	P03DT06H27M	NA	NA	NA	NA	NA	NA	NA	NA	NA	NA	NA	NA	NA	NA	NA	NA	NA	NA	NA	NA	NA	NA	NA	NA	NA	NA	NA	NA	NA	NA	NA	NA	NA	NA	NA	NA	NA	NA	NA	NA	NA	NA	NA	NA	NA	NA	NA	NA	NA	NA	NA
TARA_B100000405	SAMEA2620828	ERS490002	TARA_064	TARA_20100708T0621Z_064_EVENT_PUMP	[DCM] deep chlorophyll maximum layer (ENVO:01000326)	65	0.22	3	TARA_064_DCM_0.22-3	SEQ-(100L)_W0.22-3	TARA_20100708T0621Z_064_EVENT_PUMP_DCM_(65m)_SEQ-(100L)_W0.22-3_B100000405	tara_20100707t0455z_064_event_cast	8.3572	P01DT01H24M	0	NA	NA	NA	NA	NA	NA	NA	NA	NA	NA	NA	NA	NA	NA	NA	NA	NA	NA	NA	NA	0	0	0	0	0	0.0135	0.0135	0.01725	0.021	0.021	0.0167	0.0167	0.02	0.0233	0.0233	0.0015	0.0015	0.0017	0.0019	0.0019	0.0047	0.0047	0.0047	0.0047	0.0047	0	0	0	0	0
TARA_B100000408	SAMEA2620815	ERS489987	TARA_064	TARA_20100707T1217Z_064_Combined-EVENTS_CAST	[MES] marine water layer (ENVO:01000295) within the mesopelagic zone (ENVO:00000213)	1000	0.22	3	TARA_064_MES_0.22-3	SEQ-(100L)_W0.22-3	TARA_20100707T1217Z_064_Combined-EVENTS_CAST_MES_(1000m)_SEQ-(100L)_W0.22-3_B100000408	tara_20100707t0455z_064_event_cast	2.9615	P00DT07H16M	0	NA	NA	NA	NA	NA	NA	NA	NA	NA	NA	NA	NA	NA	NA	NA	NA	NA	NA	NA	NA	NA	NA	NA	NA	NA	NA	NA	NA	NA	NA	NA	NA	NA	NA	NA	NA	NA	NA	NA	NA	NA	NA	NA	NA	NA	NA	NA	NA	NA	NA
TARA_B100000401	SAMEA2620786	ERS489917	TARA_064	TARA_20100707T0448Z_064_EVENT_PUMP	[SRF] surface water layer (ENVO:00010504)	5	0.22	3	TARA_064_SRF_0.22-3	SEQ-(100L)_W0.22-3	TARA_20100707T0448Z_064_EVENT_PUMP_SRF_(5m)_SEQ-(100L)_W0.22-3_B100000401	tara_20100707t0455z_064_event_cast	0.14927	P00DT00H08M	1	8.103935	8.103935	8.103935	8.103935	8.103935	10.334428	10.334428	10.334428	10.334428	10.334428	340.035166	340.035166	340.035166	340.035166	340.035166	338.927141	338.927141	338.927141	338.927141	338.927141	0	0	0	0	0	0.0089	0.0089	0.0089	0.0089	0.0089	0.0103	0.0103	0.0103	0.0103	0.0103	0.0012	0.0012	0.0012	0.0012	0.0012	0.0034	0.0034	0.0034	0.0034	0.0034	0	0	0	0	0
TARA_B000000532	SAMEA2620756	ERS489877	TARA_062	TARA_20100703T0809Z_062_EVENT_PUMP	[SRF] surface water layer (ENVO:00010504)	5	0.22	3	TARA_062_SRF_0.22-3	SEQ-(100L)_W0.22-3	TARA_20100703T0809Z_062_EVENT_PUMP_SRF_(5m)_SEQ-(100L)_W0.22-3_B000000532	tara_20100629t0547z_058_event_cast	568.0233	P04DT02H23M	NA	NA	NA	NA	NA	NA	NA	NA	NA	NA	NA	NA	NA	NA	NA	NA	NA	NA	NA	NA	NA	NA	NA	NA	NA	NA	NA	NA	NA	NA	NA	NA	NA	NA	NA	NA	NA	NA	NA	NA	NA	NA	NA	NA	NA	NA	NA	NA	NA	NA	NA
TARA_B000000557	SAMEA2620734	ERS489846	TARA_058	TARA_20100629T1500Z_058_EVENT_PUMP	[DCM] deep chlorophyll maximum layer (ENVO:01000326)	66	0.22	3	TARA_058_DCM_0.22-3	SEQ-(100L)_W0.22-3	TARA_20100629T1500Z_058_EVENT_PUMP_DCM_(66m)_SEQ-(100L)_W0.22-3_B000000557	tara_20100629t0547z_058_event_cast	29.0043	P00DT09H14M	0	NA	NA	NA	NA	NA	NA	NA	NA	NA	NA	NA	NA	NA	NA	NA	NA	NA	NA	NA	NA	0.0041	0.0041	0.0041	0.0041	0.0041	0.061	0.061	0.061	0.061	0.061	0.016	0.016	0.016	0.016	0.016	0.005	0.005	0.005	0.005	0.005	0.0045	0.0045	0.0045	0.0045	0.0045	0.0016	0.0016	0.0016	0.0016	0.0016
TARA_B000000565	SAMEA2620672	ERS489733	TARA_057	TARA_20100627T1205Z_057_EVENT_PUMP	[SRF] surface water layer (ENVO:00010504)	5	0.22	3	TARA_057_SRF_0.22-3	SEQ-(100L)_W0.22-3	TARA_20100627T1205Z_057_EVENT_PUMP_SRF_(5m)_SEQ-(100L)_W0.22-3_B000000565	tara_20100629t0547z_058_event_cast	80.23	P01DT17H40M	0	NA	NA	NA	NA	NA	NA	NA	NA	NA	NA	NA	NA	NA	NA	NA	NA	NA	NA	NA	NA	NA	NA	NA	NA	NA	NA	NA	NA	NA	NA	NA	NA	NA	NA	NA	NA	NA	NA	NA	NA	NA	NA	NA	NA	NA	NA	NA	NA	NA	NA
TARA_B100000378	SAMEA2620666	ERS489727	TARA_056	TARA_20100626T0713Z_056_EVENT_CAST	[MES] marine water layer (ENVO:01000295) within the mesopelagic zone (ENVO:00000213)	1000	0.22	3	TARA_056_MES_0.22-3	SEQ-(100L)_W0.22-3	TARA_20100626T0713Z_056_EVENT_CAST_MES_(1000m)_SEQ-(100L)_W0.22-3_B100000378	tara_20100625t1255z_055_event_cast	144.3237	P00DT18H16M	NA	NA	NA	NA	NA	NA	NA	NA	NA	NA	NA	NA	NA	NA	NA	NA	NA	NA	NA	NA	NA	NA	NA	NA	NA	NA	NA	NA	NA	NA	NA	NA	NA	NA	NA	NA	NA	NA	NA	NA	NA	NA	NA	NA	NA	NA	NA	NA	NA	NA	NA
TARA_B000000609	SAMEA2620651	ERS489712	TARA_056	TARA_20100626T0705Z_056_EVENT_PUMP	[SRF] surface water layer (ENVO:00010504)	5	0.22	3	TARA_056_SRF_0.22-3	SEQ-(100L)_W0.22-3	TARA_20100626T0705Z_056_EVENT_PUMP_SRF_(5m)_SEQ-(100L)_W0.22-3_B000000609	tara_20100625t1255z_055_event_cast	144.6554	P00DT18H09M	NA	NA	NA	NA	NA	NA	NA	NA	NA	NA	NA	NA	NA	NA	NA	NA	NA	NA	NA	NA	NA	NA	NA	NA	NA	NA	NA	NA	NA	NA	NA	NA	NA	NA	NA	NA	NA	NA	NA	NA	NA	NA	NA	NA	NA	NA	NA	NA	NA	NA	NA
TARA_B100000214	SAMEA2620570	ERS489585	TARA_052	TARA_20100517T1142Z_052_EVENT_PUMP	[DCM] deep chlorophyll maximum layer (ENVO:01000326)	75	0.22	1.6	TARA_052_DCM_0.22-1.6	SEQ-(10L-or-15min)_W0.22-1.6	TARA_20100517T1142Z_052_EVENT_PUMP_DCM_(75m)_SEQ-(10L-or-15min)_W0.22-1.6_B100000214	tara_20100517t0410z_052_event_cast	2.6965	P00DT07H45M	0	NA	NA	NA	NA	NA	NA	NA	NA	NA	NA	NA	NA	NA	NA	NA	NA	NA	NA	NA	NA	0	0	0	0	0	0.0296	0.0296	0.0296	0.0296	0.0296	0.0091	0.0091	0.0091	0.0091	0.0091	0.0057	0.0057	0.0057	0.0057	0.0057	0	0	0	0	0	0.0017	0.0017	0.0017	0.0017	0.0017
TARA_B100000212	SAMEA2620542	ERS489529	TARA_052	TARA_20100517T0410Z_052_EVENT_PUMP	[SRF] surface water layer (ENVO:00010504)	5	0.22	1.6	TARA_052_SRF_0.22-1.6	SEQ-(10L-or-15min)_W0.22-1.6	TARA_20100517T0410Z_052_EVENT_PUMP_SRF_(5m)_SEQ-(10L-or-15min)_W0.22-1.6_B100000212	tara_20100517t0410z_052_event_cast	0.54031	P00DT00H13M	1	7.612326	7.612326	7.612326	7.612326	7.612326	33.461945	33.461945	33.461945	33.461945	33.461945	1266.083085	1266.083085	1266.083085	1266.083085	1266.083085	1262.233779	1262.233779	1262.233779	1262.233779	1262.233779	0	0	0	0	0	0.0061	0.0061	0.0061	0.0061	0.0061	0.0022	0.0022	0.0022	0.0022	0.0022	0	0	0	0	0	0	0	0	0	0	0	0	0	0	0
TARA_B100000242	SAMEA2620404	ERS489315	TARA_048	TARA_20100419T0756Z_048_EVENT_PUMP	[SRF] surface water layer (ENVO:00010504)	5	0.22	1.6	TARA_048_SRF_0.22-1.6	SEQ-(100L)_W0.22-1.6	TARA_20100419T0756Z_048_EVENT_PUMP_SRF_(5m)_SEQ-(100L)_W0.22-1.6_B100000242	tara_20100415t0240z_046_event_cast	1223.6377	P04DT05H17M	NA	NA	NA	NA	NA	NA	NA	NA	NA	NA	NA	NA	NA	NA	NA	NA	NA	NA	NA	NA	NA	0	0	0	0	0	6.00E-04	6.00E-04	0.00125	0.0019	0.0019	3.00E-04	3.00E-04	7.00E-04	0.0011	0.0011	0	0	0	0	0	0	0	0	0	0	0	0	0	0	0
TARA_B100000161	SAMEA2620339	ERS489236	TARA_045	TARA_20100413T0321Z_045_EVENT_PUMP	[SRF] surface water layer (ENVO:00010504)	5	0.22	1.6	TARA_045_SRF_0.22-1.6	SEQ-(100L)_W0.22-1.6	TARA_20100413T0321Z_045_EVENT_PUMP_SRF_(5m)_SEQ-(100L)_W0.22-1.6_B100000161	tara_20100415t0240z_046_event_cast	184.2038	P01DT23H17M	NA	NA	NA	NA	NA	NA	NA	NA	NA	NA	NA	NA	NA	NA	NA	NA	NA	NA	NA	NA	NA	NA	NA	NA	NA	NA	NA	NA	NA	NA	NA	NA	NA	NA	NA	NA	NA	NA	NA	NA	NA	NA	NA	NA	NA	NA	NA	NA	NA	NA	NA
TARA_B100000131	SAMEA2620259	ERS489134	TARA_042	TARA_20100404T0950Z_042_EVENT_PUMP	[DCM] deep chlorophyll maximum layer (ENVO:01000326)	80	0.22	1.6	TARA_042_DCM_0.22-1.6	SEQ-(100L)_W0.22-1.6	TARA_20100404T0950Z_042_EVENT_PUMP_DCM_(80m)_SEQ-(100L)_W0.22-1.6_B100000131	tara_20100415t0240z_046_event_cast	744.917	P10DT16H48M	NA	NA	NA	NA	NA	NA	NA	NA	NA	NA	NA	NA	NA	NA	NA	NA	NA	NA	NA	NA	NA	0	0	0.0024	0.0048	0.0048	0.0091	0.0091	0.01365	0.0182	0.0182	0.0022	0.0022	0.0036	0.005	0.005	0.001	0.001	0.00295	0.0049	0.0049	0.0015	0.0015	0.0024	0.0033	0.0033	0	0	4.00E-04	8.00E-04	8.00E-04
TARA_B100000123	SAMEA2620230	ERS489087	TARA_042	TARA_20100404T0247Z_042_EVENT_PUMP	[SRF] surface water layer (ENVO:00010504)	5	0.22	1.6	TARA_042_SRF_0.22-1.6	SEQ-(100L)_W0.22-1.6	TARA_20100404T0247Z_042_EVENT_PUMP_SRF_(5m)_SEQ-(100L)_W0.22-1.6_B100000123	tara_20100415t0240z_046_event_cast	744.8132	P10DT23H51M	NA	NA	NA	NA	NA	NA	NA	NA	NA	NA	NA	NA	NA	NA	NA	NA	NA	NA	NA	NA	NA	0	0	0	0	0	7.00E-04	7.00E-04	0.00085	0.001	0.001	8.00E-04	8.00E-04	0.00085	9.00E-04	9.00E-04	0	0	0	0	0	0	0	0	0	0	0	0	0	0	0
TARA_B100000287	SAMEA2620217	ERS489074	TARA_041	TARA_20100330T1056Z_041_EVENT_PUMP	[DCM] deep chlorophyll maximum layer (ENVO:01000326)	60	0.22	1.6	TARA_041_DCM_0.22-1.6	SEQ-(10L-or-15min)_W0.22-1.6	TARA_20100330T1056Z_041_EVENT_PUMP_DCM_(60m)_SEQ-(10L-or-15min)_W0.22-1.6_B100000287	tara_20100315t0345z_038_event_cast	770.1251	P15DT07H11M	NA	NA	NA	NA	NA	NA	NA	NA	NA	NA	NA	NA	NA	NA	NA	NA	NA	NA	NA	NA	NA	0	0	0.00665	0.0133	0.0133	0.0219	0.0219	0.0249	0.0279	0.0279	0.0089	0.0089	0.01485	0.0208	0.0208	0.0016	0.0016	0.002	0.0024	0.0024	0.0032	0.0032	0.0043	0.0054	0.0054	0	0	0.00035	7.00E-04	7.00E-04
TARA_B100000282	SAMEA2620194	ERS489043	TARA_041	TARA_20100330T0247Z_041_EVENT_PUMP	[SRF] surface water layer (ENVO:00010504)	5	0.22	1.6	TARA_041_SRF_0.22-1.6	SEQ-(10L-or-15min)_W0.22-1.6	TARA_20100330T0247Z_041_EVENT_PUMP_SRF_(5m)_SEQ-(10L-or-15min)_W0.22-1.6_B100000282	tara_20100315t0345z_038_event_cast	763.4506	P14DT23H02M	NA	NA	NA	NA	NA	NA	NA	NA	NA	NA	NA	NA	NA	NA	NA	NA	NA	NA	NA	NA	NA	0	0	0	0	0	0	0	0.00075	0.0015	0.0015	7.00E-04	7.00E-04	0.001	0.0013	0.0013	0	0	0	0	0	0	0	0	0	0	0	0	0	0	0
TARA_B100000097	SAMEA2620097	ERS488936	TARA_039	TARA_20100320T0817Z_039_Combined-EVENTS_CAST	[MES] marine water layer (ENVO:01000295) within the mesopelagic zone (ENVO:00000213)	270	0.22	1.6	TARA_039_MES_0.22-1.6	SEQ-(100L)_W0.22-1.6	TARA_20100320T0817Z_039_Combined-EVENTS_CAST_MES_(270m)_SEQ-(100L)_W0.22-1.6_B100000097	tara_20100315t0345z_038_event_cast	202.1858	P05DT04H30M	NA	NA	NA	NA	NA	NA	NA	NA	NA	NA	NA	NA	NA	NA	NA	NA	NA	NA	NA	NA	NA	0.0058	0.0058	0.0058	0.0058	0.0058	0	0	0	0	0	0	0	0	0	0	0	0	0	0	0	0	0	0	0	0	0	0	0	0	0
TARA_B100000085	SAMEA2620081	ERS488916	TARA_039	TARA_20100318T1133Z_039_EVENT_PUMP	[DCM] deep chlorophyll maximum layer (ENVO:01000326)	25	0.22	1.6	TARA_039_DCM_0.22-1.6	SEQ-(100L)_W0.22-1.6	TARA_20100318T1133Z_039_EVENT_PUMP_DCM_(25m)_SEQ-(100L)_W0.22-1.6_B100000085	tara_20100315t0345z_038_event_cast	214.209	P03DT07H48M	NA	NA	NA	NA	NA	NA	NA	NA	NA	NA	NA	NA	NA	NA	NA	NA	NA	NA	NA	NA	NA	0	0	0	0	0	0.0047	0.0047	0.00925	0.0138	0.0138	0.003	0.003	0.00545	0.0079	0.0079	0	0	0.00115	0.0023	0.0023	0	0	0.00095	0.0019	0.0019	6.00E-04	6.00E-04	0.00095	0.0013	0.0013
TARA_B100000071	SAMEA2620035	ERS488849	TARA_038	TARA_20100316T0614Z_038_Combined-EVENTS_CAST	[MES] marine water layer (ENVO:01000295) within the mesopelagic zone (ENVO:00000213)	340	0.22	1.6	TARA_038_MES_0.22-1.6	SEQ-(10L-or-15min)_W0.22-1.6	TARA_20100316T0614Z_038_Combined-EVENTS_CAST_MES_(340m)_SEQ-(10L-or-15min)_W0.22-1.6_B100000071	tara_20100315t0345z_038_event_cast	7.3775	P01DT02H28M	0	NA	NA	NA	NA	NA	NA	NA	NA	NA	NA	NA	NA	NA	NA	NA	NA	NA	NA	NA	NA	0.0061	0.0061	0.0061	0.0061	0.0061	0	0	0	0	0	0	0	0	0	0	0	0	0	0	0	0	0	0	0	0	0	0	0	0	0
TARA_B100000073	SAMEA2620021	ERS488830	TARA_038	TARA_20100315T1118Z_038_EVENT_PUMP	[DCM] deep chlorophyll maximum layer (ENVO:01000326)	25	0.22	1.6	TARA_038_DCM_0.22-1.6	SEQ-(10L-or-15min)_W0.22-1.6	TARA_20100315T1118Z_038_EVENT_PUMP_DCM_(25m)_SEQ-(10L-or-15min)_W0.22-1.6_B100000073	tara_20100315t0345z_038_event_cast	2.291	P00DT07H33M	0	NA	NA	NA	NA	NA	NA	NA	NA	NA	NA	NA	NA	NA	NA	NA	NA	NA	NA	NA	NA	0.0068	0.0068	0.0068	0.0068	0.0068	0.0589	0.0589	0.0589	0.0589	0.0589	0.0262	0.0262	0.0262	0.0262	0.0262	0.0135	0.0135	0.0135	0.0135	0.0135	0.0056	0.0056	0.0056	0.0056	0.0056	0.0035	0.0035	0.0035	0.0035	0.0035
TARA_B100000066	SAMEA2620000	ERS488799	TARA_038	TARA_20100315T0335Z_038_EVENT_PUMP	[SRF] surface water layer (ENVO:00010504)	5	0.22	1.6	TARA_038_SRF_0.22-1.6	SEQ-(10L-or-15min)_W0.22-1.6	TARA_20100315T0335Z_038_EVENT_PUMP_SRF_(5m)_SEQ-(10L-or-15min)_W0.22-1.6_B100000066	tara_20100315t0345z_038_event_cast	0.2594	P00DT00H09M	0	NA	NA	NA	NA	NA	NA	NA	NA	NA	NA	NA	NA	NA	NA	NA	NA	NA	NA	NA	NA	0	0	0	0	0	0.0093	0.0093	0.01315	0.017	0.017	0.0055	0.0055	0.00775	0.01	0.01	0.0022	0.0022	0.00375	0.0053	0.0053	0	0	9.00E-04	0.0018	0.0018	8.00E-04	8.00E-04	0.00115	0.0015	0.0015
TARA_B100000315	SAMEA2619970	ERS488769	TARA_037	TARA_20100313T0507Z_037_Combined-EVENTS_CAST	[MES] marine water layer (ENVO:01000295) within the mesopelagic zone (ENVO:00000213)	600	0.22	1.6	TARA_037_MES_0.22-1.6	SEQ-(10L-or-15min)_W0.22-1.6	TARA_20100313T0507Z_037_Combined-EVENTS_CAST_MES_(600m)_SEQ-(10L-or-15min)_W0.22-1.6_B100000315	tara_20100312t0620z_036_event_cast	8.8914	P00DT10H48M	0	NA	NA	NA	NA	NA	NA	NA	NA	NA	NA	NA	NA	NA	NA	NA	NA	NA	NA	NA	NA	0	0	0	0	0	0	0	0	0	0	0	0	0	0	0	0	0	0	0	0	0	0	0	0	0	0	0	0	0	0
TARA_B100000035	SAMEA2619952	ERS488747	TARA_036	TARA_20100312T1223Z_036_EVENT_PUMP	[DCM] deep chlorophyll maximum layer (ENVO:01000326)	17	0.22	1.6	TARA_036_DCM_0.22-1.6	SEQ-(100L)_W0.22-1.6	TARA_20100312T1223Z_036_EVENT_PUMP_DCM_(17m)_SEQ-(100L)_W0.22-1.6_B100000035	tara_20100312t0620z_036_event_cast	0.99588	P00DT06H03M	0	NA	NA	NA	NA	NA	NA	NA	NA	NA	NA	NA	NA	NA	NA	NA	NA	NA	NA	NA	NA	0.0045	0.0045	0.00705	0.0096	0.0096	0.0148	0.0148	0.02395	0.0331	0.0331	0.0184	0.0184	0.03175	0.0451	0.0451	0.0034	0.0034	0.0068	0.0102	0.0102	9.00E-04	9.00E-04	0.00365	0.0064	0.0064	0.0025	0.0025	0.0029	0.0033	0.0033
TARA_B100000034	SAMEA2619927	ERS488714	TARA_036	TARA_20100312T0606Z_036_EVENT_PUMP	[SRF] surface water layer (ENVO:00010504)	5	0.22	1.6	TARA_036_SRF_0.22-1.6	SEQ-(100L)_W0.22-1.6	TARA_20100312T0606Z_036_EVENT_PUMP_SRF_(5m)_SEQ-(100L)_W0.22-1.6_B100000034	tara_20100312t0620z_036_event_cast	0.006379	P00DT00H13M	1	8.054263	8.054263	8.054263	8.054263	8.054263	10.95961	10.95961	10.95961	10.95961	10.95961	397.011643	397.011643	397.011643	397.011643	397.011643	395.772094	395.772094	395.772094	395.772094	395.772094	0	0	0.00225	0.0045	0.0045	0.0117	0.0117	0.01325	0.0148	0.0148	0.0154	0.0154	0.0169	0.0184	0.0184	0.0023	0.0023	0.00285	0.0034	0.0034	0	0	0.00045	9.00E-04	9.00E-04	0.0019	0.0019	0.0022	0.0025	0.0025
TARA_B100000029	SAMEA2619907	ERS488685	TARA_034	TARA_20100120T1150Z_034_EVENT_PUMP	[DCM] deep chlorophyll maximum layer (ENVO:01000326)	60	0.22	1.6	TARA_034_DCM_0.22-1.6	SEQ-(100L)_W0.22-1.6	TARA_20100120T1150Z_034_EVENT_PUMP_DCM_(60m)_SEQ-(100L)_W0.22-1.6_B100000029	tara_20100113t1102z_033_event_cast	444.1205	P07DT00H55M	NA	NA	NA	NA	NA	NA	NA	NA	NA	NA	NA	NA	NA	NA	NA	NA	NA	NA	NA	NA	NA	0	0	0	0	0	0.0471	0.0471	0.0471	0.0471	0.0471	0.0312	0.0312	0.0312	0.0312	0.0312	0.0052	0.0052	0.0052	0.0052	0.0052	0.012	0.012	0.012	0.012	0.012	0.0013	0.0013	0.0013	0.0013	0.0013
TARA_B100000003	SAMEA2619879	ERS488649	TARA_034	TARA_20100120T0427Z_034_EVENT_PUMP	[SRF] surface water layer (ENVO:00010504)	5	0.22	1.6	TARA_034_SRF_0.22-1.6	SEQ-(100L)_W0.22-1.6	TARA_20100120T0427Z_034_EVENT_PUMP_SRF_(5m)_SEQ-(100L)_W0.22-1.6_B100000003	tara_20100113t1102z_033_event_cast	449.4789	P06DT17H32M	NA	NA	NA	NA	NA	NA	NA	NA	NA	NA	NA	NA	NA	NA	NA	NA	NA	NA	NA	NA	NA	0.0108	0.0108	0.0108	0.0108	0.0108	0.0311	0.0311	0.0311	0.0311	0.0311	0.0332	0.0332	0.0332	0.0332	0.0332	0.0037	0.0037	0.0037	0.0037	0.0037	0.0076	0.0076	0.0076	0.0076	0.0076	0.0018	0.0018	0.0018	0.0018	0.0018
TARA_A100001234	SAMEA2619857	ERS488621	TARA_033	TARA_20100113T0716Z_033_EVENT_PUMP	[SRF] surface water layer (ENVO:00010504)	5	0.22	1.6	TARA_033_SRF_0.22-1.6	SEQ-(100L)_W0.22-1.6	TARA_20100113T0716Z_033_EVENT_PUMP_SRF_(5m)_SEQ-(100L)_W0.22-1.6_A100001234	tara_20100113t1102z_033_event_cast	20.3827	P00DT03H38M	1	7.80708	7.80708	7.80708	7.80708	7.80708	20.838036	20.838036	20.838036	20.838036	20.838036	794.898869	794.898869	794.898869	794.898869	794.898869	792.464886	792.464886	792.464886	792.464886	792.464886	0	0	0	0	0	0.0069	0.0069	0.00775	0.0086	0.0086	0.0064	0.0064	0.007	0.0076	0.0076	0.0018	0.0018	0.0019	0.002	0.002	0.0028	0.0028	0.00305	0.0033	0.0033	0.0014	0.0014	0.0016	0.0018	0.0018
TARA_A100001037	SAMEA2619840	ERS488599	TARA_032	TARA_20100111T1417Z_032_EVENT_PUMP	[DCM] deep chlorophyll maximum layer (ENVO:01000326)	80	0.22	1.6	TARA_032_DCM_0.22-1.6	SEQ-(100L)_W0.22-1.6	TARA_20100111T1417Z_032_EVENT_PUMP_DCM_(80m)_SEQ-(100L)_W0.22-1.6_A100001037	tara_20100111t0943z_032_event_cast	4.7733	P00DT04H36M	0	NA	NA	NA	NA	NA	NA	NA	NA	NA	NA	NA	NA	NA	NA	NA	NA	NA	NA	NA	NA	0.0102	0.0102	0.0102	0.0102	0.0102	0.0427	0.0427	0.0427	0.0427	0.0427	0.0082	0.0082	0.0082	0.0082	0.0082	0.0061	0.0061	0.0061	0.0061	0.0061	0.0103	0.0103	0.0103	0.0103	0.0103	0.0016	0.0016	0.0016	0.0016	0.0016
TARA_A100001035	SAMEA2619818	ERS488569	TARA_032	TARA_20100111T0721Z_032_EVENT_PUMP	[SRF] surface water layer (ENVO:00010504)	5	0.22	1.6	TARA_032_SRF_0.22-1.6	SEQ-(100L)_W0.22-1.6	TARA_20100111T0721Z_032_EVENT_PUMP_SRF_(5m)_SEQ-(100L)_W0.22-1.6_A100001035	tara_20100111t0943z_032_event_cast	3.0062	P00DT02H19M	1	7.845202	7.845202	7.845202	7.845202	7.845202	19.33961	19.33961	19.33961	19.33961	19.33961	717.154657	717.154657	717.154657	717.154657	717.154657	714.923146	714.923146	714.923146	714.923146	714.923146	0	0	0	0	0	0.0038	0.0038	0.00405	0.0043	0.0043	0.0041	0.0041	0.00435	0.0046	0.0046	0	0	0	0	0	0	0	0	0	0	7.00E-04	7.00E-04	0.00075	8.00E-04	8.00E-04
TARA_A100001403	SAMEA2619802	ERS488545	TARA_031	TARA_20100109T0715Z_031_EVENT_PUMP	[SRF] surface water layer (ENVO:00010504)	5	0.22	1.6	TARA_031_SRF_0.22-1.6	SEQ-(100L)_W0.22-1.6	TARA_20100109T0715Z_031_EVENT_PUMP_SRF_(5m)_SEQ-(100L)_W0.22-1.6_A100001403	tara_20100109t1003z_031_event_cast	3.2598	P00DT02H47M	1	8.086712	8.086712	8.086712	8.086712	8.086712	10.150114	10.150114	10.150114	10.150114	10.150114	367.833816	367.833816	367.833816	367.833816	367.833816	366.675701	366.675701	366.675701	366.675701	366.675701	0	0	0	0	0	0.0037	0.0037	0.0044	0.0051	0.0051	0.0039	0.0039	0.00475	0.0056	0.0056	0	0	0	0	0	0	0	0	0	0	7.00E-04	7.00E-04	8.00E-04	9.00E-04	9.00E-04
TARA_E500000331	SAMEA2619782	ERS488509	TARA_025	TARA_20091123T1352Z_025_EVENT_PUMP	[DCM] deep chlorophyll maximum layer (ENVO:01000326)	50	0.22	1.6	TARA_025_DCM_0.22-1.6	SEQ-(100L)_W0.22-1.6	TARA_20091123T1352Z_025_EVENT_PUMP_DCM_(50m)_SEQ-(100L)_W0.22-1.6_E500000331	tara_20091123t1242z_025_event_cast	1.9377	P00DT01H11M	0	NA	NA	NA	NA	NA	NA	NA	NA	NA	NA	NA	NA	NA	NA	NA	NA	NA	NA	NA	NA	NA	NA	NA	NA	NA	NA	NA	NA	NA	NA	NA	NA	NA	NA	NA	NA	NA	NA	NA	NA	NA	NA	NA	NA	NA	NA	NA	NA	NA	NA
TARA_E500000178	SAMEA2619766	ERS488486	TARA_025	TARA_20091123T0912Z_025_EVENT_PUMP	[SRF] surface water layer (ENVO:00010504)	5	0.22	1.6	TARA_025_SRF_0.22-1.6	SEQ-(100L)_W0.22-1.6	TARA_20091123T0912Z_025_EVENT_PUMP_SRF_(5m)_SEQ-(100L)_W0.22-1.6_E500000178	tara_20091123t1242z_025_event_cast	2.3494	P00DT03H28M	1	8.136645	8.136645	8.136645	8.136645	8.136645	11.461316	11.461316	11.461316	11.461316	11.461316	344.759164	344.759164	344.759164	344.759164	344.759164	343.58112	343.58112	343.58112	343.58112	343.58112	NA	NA	NA	NA	NA	NA	NA	NA	NA	NA	NA	NA	NA	NA	NA	NA	NA	NA	NA	NA	NA	NA	NA	NA	NA	NA	NA	NA	NA	NA
TARA_S200000501	SAMEA2619678	ERS488346	TARA_018	TARA_20091102T1407Z_018_EVENT_PUMP	[DCM] deep chlorophyll maximum layer (ENVO:01000326)	60	0.22	1.6	TARA_018_DCM_0.22-1.6	SEQ-(100L)_W0.22-1.6	TARA_20091102T1407Z_018_EVENT_PUMP_DCM_(60m)_SEQ-(100L)_W0.22-1.6_S200000501	tara_20091123t1242z_025_event_cast	605.8557	P20DT22H33M	NA	NA	NA	NA	NA	NA	NA	NA	NA	NA	NA	NA	NA	NA	NA	NA	NA	NA	NA	NA	NA	0	0	0	0	0	0.0452	0.0452	0.0452	0.0452	0.0452	0.0118	0.0118	0.0118	0.0118	0.0118	0.0017	0.0017	0.0017	0.0017	0.0017	0	0	0	0	0	0.0012	0.0012	0.0012	0.0012	0.0012
TARA_A100000164	SAMEA2619667	ERS488330	TARA_018	TARA_20091102T0813Z_018_EVENT_PUMP	[SRF] surface water layer (ENVO:00010504)	5	0.22	1.6	TARA_018_SRF_0.22-1.6	SEQ-(100L)_W0.22-1.6	TARA_20091102T0813Z_018_EVENT_PUMP_SRF_(5m)_SEQ-(100L)_W0.22-1.6_A100000164	tara_20091123t1242z_025_event_cast	606.6298	P21DT04H27M	NA	NA	NA	NA	NA	NA	NA	NA	NA	NA	NA	NA	NA	NA	NA	NA	NA	NA	NA	NA	NA	0	0	0	0	0	0.0228	0.0228	0.0228	0.0228	0.0228	0.0103	0.0103	0.0103	0.0103	0.0103	0.001	0.001	0.001	0.001	0.001	0	0	0	0	0	0.0016	0.0016	0.0016	0.0016	0.0016
TARA_X000000368	SAMEA2619399	ERS487936	TARA_004	TARA_20090915T1800Z_004_EVENT_PUMP	[DCM] deep chlorophyll maximum layer (ENVO:01000326)	40	0.22	1.6	TARA_004_DCM_0.22-1.6	SEQ-(100L)_W0.22-1.6	TARA_20090915T1800Z_004_EVENT_PUMP_DCM_(40m)_SEQ-(100L)_W0.22-1.6_X000000368	tara_20091011t0652z_012_event_cast	1445.4969	P25DT12H48M	NA	NA	NA	NA	NA	NA	NA	NA	NA	NA	NA	NA	NA	NA	NA	NA	NA	NA	NA	NA	NA	NA	NA	NA	NA	NA	NA	NA	NA	NA	NA	NA	NA	NA	NA	NA	NA	NA	NA	NA	NA	NA	NA	NA	NA	NA	NA	NA	NA	NA	NA
TARA_X000000263	SAMEA2619376	ERS487899	TARA_004	TARA_20090915T1130Z_004_EVENT_PUMP	[SRF] surface water layer (ENVO:00010504)	9	0.22	1.6	TARA_004_SRF_0.22-1.6	SEQ-(100L)_W0.22-1.6	TARA_20090915T1130Z_004_EVENT_PUMP_SRF_(9m)_SEQ-(100L)_W0.22-1.6_X000000263	tara_20091011t0652z_012_event_cast	1445.4969	P25DT19H18M	NA	NA	NA	NA	NA	NA	NA	NA	NA	NA	NA	NA	NA	NA	NA	NA	NA	NA	NA	NA	NA	NA	NA	NA	NA	NA	NA	NA	NA	NA	NA	NA	NA	NA	NA	NA	NA	NA	NA	NA	NA	NA	NA	NA	NA	NA	NA	NA	NA	NA	NA
TARA_A100001011	SAMEA2591122	ERS478040	TARA_030	TARA_20091215T1512Z_030_Combined-EVENTS_CAST	[DCM] deep chlorophyll maximum layer (ENVO:01000326)	70	0.22	1.6	TARA_030_DCM_0.22-1.6	SEQ-(100L)_W0.22-1.6	TARA_20091215T1512Z_030_Combined-EVENTS_CAST_DCM_(70m)_SEQ-(100L)_W0.22-1.6_A100001011	tara_20091204t2030z_028_event_cast	43.8793	P10DT18H56M	NA	NA	NA	NA	NA	NA	NA	NA	NA	NA	NA	NA	NA	NA	NA	NA	NA	NA	NA	NA	NA	0	0	0	0	0	0.0227	0.0227	0.0227	0.0227	0.0227	0.0036	0.0036	0.00395	0.0043	0.0043	0	0	0.00045	9.00E-04	9.00E-04	0	0	0	0	0	0	0	3.00E-04	6.00E-04	6.00E-04
TARA_E500000081	SAMEA2591098	ERS477998	TARA_023	TARA_20091118T1240Z_023_EVENT_PUMP	[DCM] deep chlorophyll maximum layer (ENVO:01000326)	55	0.22	1.6	TARA_023_DCM_0.22-1.6	SEQ-(100L)_W0.22-1.6	TARA_20091118T1240Z_023_EVENT_PUMP_DCM_(55m)_SEQ-(100L)_W0.22-1.6_E500000081	tara_20091123t1242z_025_event_cast	337.3359	P04DT22H50M	NA	NA	NA	NA	NA	NA	NA	NA	NA	NA	NA	NA	NA	NA	NA	NA	NA	NA	NA	NA	NA	NA	NA	NA	NA	NA	NA	NA	NA	NA	NA	NA	NA	NA	NA	NA	NA	NA	NA	NA	NA	NA	NA	NA	NA	NA	NA	NA	NA	NA	NA
TARA_A100001015	SAMEA2591108	ERS478017	TARA_030	TARA_20091215T1041Z_030_EVENT_PUMP	[SRF] surface water layer (ENVO:00010504)	5	0.22	1.6	TARA_030_SRF_0.22-1.6	SEQ-(100L)_W0.22-1.6	TARA_20091215T1041Z_030_EVENT_PUMP_SRF_(5m)_SEQ-(100L)_W0.22-1.6_A100001015	tara_20091204t2030z_028_event_cast	42.1215	P10DT14H14M	NA	NA	NA	NA	NA	NA	NA	NA	NA	NA	NA	NA	NA	NA	NA	NA	NA	NA	NA	NA	NA	0	0	0	0	0	0.0106	0.0106	0.0106	0.0106	0.0106	0.005	0.005	0.005	0.005	0.005	0	0	0	0	0	0	0	0	0	0	0	0	0	0	0
TARA_E500000075	SAMEA2591084	ERS477979	TARA_023	TARA_20091118T0841Z_023_EVENT_PUMP	[SRF] surface water layer (ENVO:00010504)	5	0.22	1.6	TARA_023_SRF_0.22-1.6	SEQ-(100L)_W0.22-1.6	TARA_20091118T0841Z_023_EVENT_PUMP_SRF_(5m)_SEQ-(100L)_W0.22-1.6_E500000075	tara_20091123t1242z_025_event_cast	340.7441	P05DT03H59M	NA	NA	NA	NA	NA	NA	NA	NA	NA	NA	NA	NA	NA	NA	NA	NA	NA	NA	NA	NA	NA	NA	NA	NA	NA	NA	NA	NA	NA	NA	NA	NA	NA	NA	NA	NA	NA	NA	NA	NA	NA	NA	NA	NA	NA	NA	NA	NA	NA	NA	NA