SampleID_Tara	SampleID_NCBI	SampleID_SRA	Station label	Event label	Environmental feature	"Depth, nominal"	"Depth, top/min"	"Depth, bottom/max"	"Size fraction, upper threshold"	Sample material	Sample method	Sample code/label	File name	Distance	Duration	Number of observations	pH	pH_1	pH_2	pH_3	pH_4	Carbon dioxide	Carbon dioxide_1	Carbon dioxide_2	Carbon dioxide_3	Carbon dioxide_4	"Carbon dioxide, partial pressure"	"Carbon dioxide, partial pressure_1"	"Carbon dioxide, partial pressure_2"	"Carbon dioxide, partial pressure_3"	"Carbon dioxide, partial pressure_4"	Fugacity of carbon dioxide in seawater	Fugacity of carbon dioxide in seawater_1	Fugacity of carbon dioxide in seawater_2	Fugacity of carbon dioxide in seawater_3	Fugacity of carbon dioxide in seawater_4	Bicarbonate ion	Bicarbonate ion_1	Bicarbonate ion_2	Bicarbonate ion_3	Bicarbonate ion_4	Carbonate ion	Carbonate ion_1	Carbonate ion_2	Carbonate ion_3	Carbonate ion_4	"Carbon, total"	"Carbon, total_1"	"Carbon, total_2"	"Carbon, total_3"	"Carbon, total_4"	"Alkalinity, total"	"Alkalinity, total_1"	"Alkalinity, total_2"	"Alkalinity, total_3"	"Alkalinity, total_4"	Calcite saturation state	Calcite saturation state_1	Calcite saturation state_2	Calcite saturation state_3	Calcite saturation state_4	Aragonite saturation state	Aragonite saturation state_1	Aragonite saturation state_2	Aragonite saturation state_3	Aragonite saturation state_4
TARA_R100000789	SAMEA2623403	ERS493835	TARA_138	TARA_20111211T2040Z_138_Combined-EVENTS_CAST	[MES] marine water layer (ENVO:01000295) within the mesopelagic zone (ENVO:00000213)	450	440	458	0.22	TARA_138_MES_<-0.22	SEQ-(FeCl3)_W<0.22	TARA_20111211T2040Z_138_Combined-EVENTS_CAST_MES_(450m)_SEQ-(FeCl3)_W<0.22_R100000789	tara_20111210t1401z_138_event_cast	13.1202	P01DT06H38M	0	NA	NA	NA	NA	NA	NA	NA	NA	NA	NA	NA	NA	NA	NA	NA	NA	NA	NA	NA	NA	0	0	0	0	0	0	0	0	0	0	0.0018	0.0018	0.0018	0.0018	0.0018	0	0	0	0	0	0	0	0	0	0	0	0	0	0	0
TARA_R100000781	SAMEA2623385	ERS493803	TARA_138	TARA_20111211T1332Z_138_Combined-EVENTS_CAST	[DCM] deep chlorophyll maximum layer (ENVO:01000326)	60	55	64	0.22	TARA_138_DCM_<-0.22	SEQ-(FeCl3)_W<0.22	TARA_20111211T1332Z_138_Combined-EVENTS_CAST_DCM_(60m)_SEQ-(FeCl3)_W<0.22_R100000781	tara_20111210t1401z_138_event_cast	1.2757	P00DT23H28M	0	NA	NA	NA	NA	NA	NA	NA	NA	NA	NA	NA	NA	NA	NA	NA	NA	NA	NA	NA	NA	0	0	0	0	0	0.0397	0.04165	0.0475	0.0493	0.0499	0.0127	0.012825	0.0132	0.013575	0.0137	0.0029	0.0044	0.0089	0.00995	0.0103	0	0.00045	0.0018	0.003225	0.0037	8.00E-04	0.001275	0.0027	0.003225	0.0034
TARA_R100000773	SAMEA2623365	ERS493767	TARA_138	TARA_20111210T1408Z_138_EVENT_PUMP	[SRF] surface water layer (ENVO:00010504)	5	3	7	0.22	TARA_138_SRF_<-0.22	SEQ-(FeCl3)_W<0.22	TARA_20111210T1408Z_138_EVENT_PUMP_SRF_(5m)_SEQ-(FeCl3)_W<0.22_R100000773	tara_20111210t1401z_138_event_cast	0.001841	P00DT00H09M	1	8.070004	8.070004	8.070004	8.070004	8.070004	9.803891	9.803891	9.803891	9.803891	9.803891	356.94714	356.94714	356.94714	356.94714	356.94714	355.844759	355.844759	355.844759	355.844759	355.844759	0	0	0	0	0	0.0059	0.0059	0.0059	0.0059	0.0059	0.0032	0.0032	0.0032	0.0032	0.0032	0	0	0	0	0	0	0	0	0	0	8.00E-04	8.00E-04	8.00E-04	8.00E-04	8.00E-04
TARA_R100000750	SAMEA2623327	ERS493718	TARA_137	TARA_20111203T1433Z_137_Combined-EVENTS_CAST	[MES] marine water layer (ENVO:01000295) within the mesopelagic zone (ENVO:00000213)	375	370	379	0.22	TARA_137_MES_<-0.22	SEQ-(FeCl3)_W<0.22	TARA_20111203T1433Z_137_Combined-EVENTS_CAST_MES_(375m)_SEQ-(FeCl3)_W<0.22_R100000750	tara_20111202t1412z_137_event_cast	1.5336	P01DT00H20M	0	NA	NA	NA	NA	NA	NA	NA	NA	NA	NA	NA	NA	NA	NA	NA	NA	NA	NA	NA	NA	0	0	0	0	0	0	0	0	0	0	0	0	0	0	0	0	0	0	0	0	0	0	0	0	0	0	0	0	0	0
TARA_R100000742	SAMEA2623309	ERS493684	TARA_137	TARA_20111202T2042Z_137_EVENT_PUMP	[DCM] deep chlorophyll maximum layer (ENVO:01000326)	40	38	42	0.22	TARA_137_DCM_<-0.22	SEQ-(FeCl3)_W<0.22	TARA_20111202T2042Z_137_EVENT_PUMP_DCM_(40m)_SEQ-(FeCl3)_W<0.22_R100000742	tara_20111202t1412z_137_event_cast	1.999	P00DT06H31M	0	NA	NA	NA	NA	NA	NA	NA	NA	NA	NA	NA	NA	NA	NA	NA	NA	NA	NA	NA	NA	0	0	0	0	0	0.0554	0.0567	0.0606	0.07035	0.0736	0.018	0.0192	0.0228	0.02805	0.0298	0.0156	0.01765	0.0238	0.0262	0.027	0	0.001275	0.0051	0.008325	0.0094	0.0052	0.00555	0.0066	0.006675	0.0067
TARA_R100000734	SAMEA2623290	ERS493651	TARA_137	TARA_20111202T1412Z_137_EVENT_PUMP	[SRF] surface water layer (ENVO:00010504)	5	3	7	0.22	TARA_137_SRF_<-0.22	SEQ-(FeCl3)_W<0.22	TARA_20111202T1412Z_137_EVENT_PUMP_SRF_(5m)_SEQ-(FeCl3)_W<0.22_R100000734	tara_20111202t1412z_137_event_cast	0.35071	P00DT00H01M	1	7.994835	7.994835	7.994835	7.994835	7.994835	12.327003	12.327003	12.327003	12.327003	12.327003	448.50297	448.50297	448.50297	448.50297	448.50297	447.114982	447.114982	447.114982	447.114982	447.114982	0	0	0	0	0	0.0118	0.0118	0.0118	0.0118	0.0118	0.0081	0.0081	0.0081	0.0081	0.0081	0.0044	0.0044	0.0044	0.0044	0.0044	0	0	0	0	0	0.0022	0.0022	0.0022	0.0022	0.0022
TARA_R100000808	SAMEA2622852	ERS492941	TARA_125	TARA_20110809T1708Z_125_Combined-EVENTS_CAST	[MIX] marine epipelagic wind mixed layer (ENVO:01000061)	140	138	142	0.22	TARA_125_MIX_<-0.22	SEQ-(FeCl3)_W<0.22	TARA_20110809T1708Z_125_Combined-EVENTS_CAST_MIX_(140m)_SEQ-(FeCl3)_W<0.22_R100000808	tara_20110808t1739z_125_event_cast	1.7355	P00DT23H26M	0	NA	NA	NA	NA	NA	NA	NA	NA	NA	NA	NA	NA	NA	NA	NA	NA	NA	NA	NA	NA	0	0	0	0	0	0.0023	0.0023	0.0025	0.0027	0.0027	4.00E-04	4.00E-04	4.00E-04	4.00E-04	4.00E-04	0	0	0	0	0	0	0	0	0	0	0	0	0	0	0
TARA_R100000805	SAMEA2622832	ERS492903	TARA_125	TARA_20110808T1733Z_125_EVENT_PUMP	[SRF] surface water layer (ENVO:00010504)	5	3	7	0.22	TARA_125_SRF_<-0.22	SEQ-(FeCl3)_W<0.22	TARA_20110808T1733Z_125_EVENT_PUMP_SRF_(5m)_SEQ-(FeCl3)_W<0.22_R100000805	tara_20110808t1739z_125_event_cast	0.004131	P00DT00H05M	1	8.015136	8.015136	8.015136	8.015136	8.015136	11.793852	11.793852	11.793852	11.793852	11.793852	436.548929	436.548929	436.548929	436.548929	436.548929	435.204126	435.204126	435.204126	435.204126	435.204126	0	0	0	0	0	0.0077	0.0077	0.0077	0.0077	0.0077	0.0029	0.0029	0.0029	0.0029	0.0029	0.0032	0.0032	0.0032	0.0032	0.0032	0	0	0	0	0	6.00E-04	6.00E-04	6.00E-04	6.00E-04	6.00E-04
TARA_R100000700	SAMEA2622810	ERS492877	TARA_124	TARA_20110805T1733Z_124_Combined-EVENTS_CAST	[MIX] marine epipelagic wind mixed layer (ENVO:01000061)	120	118	122	0.22	TARA_124_MIX_<-0.22	SEQ-(FeCl3)_W<0.22	TARA_20110805T1733Z_124_Combined-EVENTS_CAST_MIX_(120m)_SEQ-(FeCl3)_W<0.22_R100000700	tara_20110804t1836z_124_event_cast	12.1418	P00DT22H56M	0	NA	NA	NA	NA	NA	NA	NA	NA	NA	NA	NA	NA	NA	NA	NA	NA	NA	NA	NA	NA	0	0	0	0	0	0.0093	0.0093	0.00975	0.0102	0.0102	0.0018	0.0018	0.00185	0.0019	0.0019	0.0055	0.0055	0.00585	0.0062	0.0062	0	0	0	0	0	0.001	0.001	0.00105	0.0011	0.0011
TARA_R100000697	SAMEA2622788	ERS492843	TARA_124	TARA_20110804T1833Z_124_EVENT_PUMP	[SRF] surface water layer (ENVO:00010504)	5	3	7	0.22	TARA_124_SRF_<-0.22	SEQ-(FeCl3)_W<0.22	TARA_20110804T1833Z_124_EVENT_PUMP_SRF_(5m)_SEQ-(FeCl3)_W<0.22_R100000697	tara_20110804t1836z_124_event_cast	0.42481	P00DT00H01M	1	7.870713	7.870713	7.870713	7.870713	7.870713	17.599899	17.599899	17.599899	17.599899	17.599899	646.697247	646.697247	646.697247	646.697247	646.697247	644.698081	644.698081	644.698081	644.698081	644.698081	0.00774	0.00774	0.00774	0.00774	0.00774	0.0182	0.0182	0.01821	0.01822	0.01822	0.0118	0.0118	0.01184	0.01188	0.01188	0.00936	0.00936	0.00937	0.00938	0.00938	0.00386	0.00386	0.00386	0.00386	0.00386	0.0043	0.0043	0.00435	0.0044	0.0044
TARA_R100001594	SAMEA2622752	ERS492797	TARA_123	TARA_20110801T1755Z_123_Combined-EVENTS_CAST	[MIX] marine epipelagic wind mixed layer (ENVO:01000061)	150	148	152	0.22	TARA_123_MIX_<-0.22	SEQ-(FeCl3)_W<0.22	TARA_20110801T1755Z_123_Combined-EVENTS_CAST_MIX_(150m)_SEQ-(FeCl3)_W<0.22_R100001594	tara_20110731t1725z_123_event_cast	0.48628	P01DT00H27M	0	NA	NA	NA	NA	NA	NA	NA	NA	NA	NA	NA	NA	NA	NA	NA	NA	NA	NA	NA	NA	0.002	0.002	0.002	0.002	0.002	0.00605	0.00605	0.006175	0.0063	0.0063	0.00085	0.00085	0.000925	0.001	0.001	0.00245	0.00245	0.0025	0.00255	0.00255	0	0	0	0	0	0.00035	0.00035	0.00035	0.00035	0.00035
TARA_R100001591	SAMEA2622725	ERS492748	TARA_123	TARA_20110731T1720Z_123_EVENT_PUMP	[SRF] surface water layer (ENVO:00010504)	5	3	7	0.22	TARA_123_SRF_<-0.22	SEQ-(FeCl3)_W<0.22	TARA_20110731T1720Z_123_EVENT_PUMP_SRF_(5m)_SEQ-(FeCl3)_W<0.22_R100001591	tara_20110731t1725z_123_event_cast	0.11502	P00DT00H04M	1	8.012428	8.012428	8.012428	8.012428	8.012428	11.921045	11.921045	11.921045	11.921045	11.921045	439.081584	439.081584	439.081584	439.081584	439.081584	437.725871	437.725871	437.725871	437.725871	437.725871	0.0036	0.0036	0.0036	0.0036	0.0036	0.01	0.01	0.01	0.01	0.01	0.0092	0.0092	0.0092	0.0092	0.0092	0.0023	0.0023	0.0023	0.0023	0.0023	0.00155	0.00155	0.00155	0.00155	0.00155	6.00E-04	6.00E-04	6.00E-04	6.00E-04	6.00E-04
TARA_R100000664	SAMEA2622705	ERS492714	TARA_122	TARA_20110728T1718Z_122_Combined-EVENTS_CAST	[DCM] deep chlorophyll maximum layer (ENVO:01000326)	115	112	117	0.22	TARA_122_DCM_<-0.22	SEQ-(FeCl3)_W<0.22	TARA_20110728T1718Z_122_Combined-EVENTS_CAST_DCM_(115m)_SEQ-(FeCl3)_W<0.22_R100000664	tara_20110726t1739z_122_event_cast	8.2893	P01DT23H40M	0	NA	NA	NA	NA	NA	NA	NA	NA	NA	NA	NA	NA	NA	NA	NA	NA	NA	NA	NA	NA	0	0	0	0	0	0.0107	0.0107	0.0107	0.0107	0.0107	0.0026	0.0026	0.0028	0.003	0.003	0.0093	0.0093	0.0093	0.0093	0.0093	0	0	0	0	0	0.0016	0.0016	0.00165	0.0017	0.0017
TARA_R100000687	SAMEA2622685	ERS492692	TARA_122	TARA_20110727T1932Z_122_Combined-EVENTS_CAST	[MES] marine water layer (ENVO:01000295) within the mesopelagic zone (ENVO:00000213)	600	598	602	0.22	TARA_122_MES_<-0.22	SEQ-(FeCl3)_W<0.22	TARA_20110727T1932Z_122_Combined-EVENTS_CAST_MES_(600m)_SEQ-(FeCl3)_W<0.22_R100000687	tara_20110726t1739z_122_event_cast	3.4432	P01DT01H53M	0	NA	NA	NA	NA	NA	NA	NA	NA	NA	NA	NA	NA	NA	NA	NA	NA	NA	NA	NA	NA	NA	NA	NA	NA	NA	NA	NA	NA	NA	NA	NA	NA	NA	NA	NA	NA	NA	NA	NA	NA	NA	NA	NA	NA	NA	NA	NA	NA	NA	NA
TARA_R100000657	SAMEA2622667	ERS492657	TARA_122	TARA_20110726T1710Z_122_EVENT_PUMP	[SRF] surface water layer (ENVO:00010504)	5	3	7	0.22	TARA_122_SRF_<-0.22	SEQ-(FeCl3)_W<0.22	TARA_20110726T1710Z_122_EVENT_PUMP_SRF_(5m)_SEQ-(FeCl3)_W<0.22_R100000657	tara_20110726t1739z_122_event_cast	2.0075	P00DT00H24M	1	7.470711	7.470711	7.470711	7.470711	7.470711	48.966505	48.966505	48.966505	48.966505	48.966505	1801.446465	1801.446465	1801.446465	1801.446465	1801.446465	1795.880934	1795.880934	1795.880934	1795.880934	1795.880934	0	0	0	0	0	0.0045	0.0045	0.0045	0.0045	0.0045	0.0041	0.0041	0.0041	0.0041	0.0041	0.003	0.003	0.003	0.003	0.003	0	0	0	0	0	0.0012	0.0012	0.0012	0.0012	0.0012
TARA_R100000656	SAMEA2622517	ERS492399	TARA_111	TARA_20110601T1603Z_111_Combined-EVENTS_CAST	[MES] marine water layer (ENVO:01000295) within the mesopelagic zone (ENVO:00000213)	350	346	355	0.22	TARA_111_MES_<-0.22	SEQ-(FeCl3)_W<0.22	TARA_20110601T1603Z_111_Combined-EVENTS_CAST_MES_(350m)_SEQ-(FeCl3)_W<0.22_R100000656	tara_20110531t1416z_111_event_cast	4.5814	P01DT01H47M	0	NA	NA	NA	NA	NA	NA	NA	NA	NA	NA	NA	NA	NA	NA	NA	NA	NA	NA	NA	NA	0	0	0	0	0	0	0	0	0	0	0	0	0	0	0	0	0	0	0	0	0	0	0	0	0	0	0	0	0	0
TARA_R100000655	SAMEA2622497	ERS492376	TARA_111	TARA_20110531T2030Z_111_Combined-EVENTS_CAST	[DCM] deep chlorophyll maximum layer (ENVO:01000326)	90	86	95	0.22	TARA_111_DCM_<-0.22	SEQ-(FeCl3)_W<0.22	TARA_20110531T2030Z_111_Combined-EVENTS_CAST_DCM_(90m)_SEQ-(FeCl3)_W<0.22_R100000655	tara_20110531t1416z_111_event_cast	4.776	P00DT06H15M	0	NA	NA	NA	NA	NA	NA	NA	NA	NA	NA	NA	NA	NA	NA	NA	NA	NA	NA	NA	NA	0	0	0	0	0	0.0123	0.01275	0.0141	0.021075	0.0234	0.0026	0.002825	0.0035	0.006125	0.007	0.0033	0.00365	0.0047	0.0062	0.0067	0	0	0	0	0	7.00E-04	0.000725	8.00E-04	0.001025	0.0011
TARA_R100000654	SAMEA2622473	ERS492342	TARA_111	TARA_20110531T1425Z_111_EVENT_PUMP	[SRF] surface water layer (ENVO:00010504)	5	3	7	0.22	TARA_111_SRF_<-0.22	SEQ-(FeCl3)_W<0.22	TARA_20110531T1425Z_111_EVENT_PUMP_SRF_(5m)_SEQ-(FeCl3)_W<0.22_R100000654	tara_20110531t1416z_111_event_cast	0.35233	P00DT00H12M	1	8.049736	8.049736	8.049736	8.049736	8.049736	12.099805	12.099805	12.099805	12.099805	12.099805	405.640381	405.640381	405.640381	405.640381	405.640381	404.327962	404.327962	404.327962	404.327962	404.327962	0	0	0	0	0	0.0041	0.0041	0.0041	0.0041	0.0041	0.0027	0.0027	0.0027	0.0027	0.0027	0	0	0	0	0	0	0	0	0	0	0	0	0	0	0
TARA_R100001463	SAMEA2622242	ERS492035	TARA_102	TARA_20110422T2113Z_102_EVENT_PUMP	[DCM] deep chlorophyll maximum layer (ENVO:01000326)	40	38	42	0.22	TARA_102_DCM_<-0.22	SEQ-(FeCl3)_W<0.22	TARA_20110422T2113Z_102_EVENT_PUMP_DCM_(40m)_SEQ-(FeCl3)_W<0.22_R100001463	tara_20110421t2019z_102_event_cast	12.5221	P01DT00H56M	0	NA	NA	NA	NA	NA	NA	NA	NA	NA	NA	NA	NA	NA	NA	NA	NA	NA	NA	NA	NA	0	0	0	0	0	0.038	0.038	0.038	0.038	0.038	0.018	0.018	0.018	0.018	0.018	0.0334	0.0334	0.0334	0.0334	0.0334	0.0036	0.0036	0.0036	0.0036	0.0036	0.0123	0.0123	0.0123	0.0123	0.0123
TARA_R100001480	SAMEA2622212	ERS491995	TARA_102	TARA_20110422T1210Z_102_Combined-EVENTS_CAST	[MES] marine water layer (ENVO:01000295) within the mesopelagic zone (ENVO:00000213)	480	478	482	0.22	TARA_102_MES_<-0.22	SEQ-(FeCl3)_W<0.22	TARA_20110422T1210Z_102_Combined-EVENTS_CAST_MES_(480m)_SEQ-(FeCl3)_W<0.22_R100001480	tara_20110421t2019z_102_event_cast	1.2233	P00DT15H51M	0	NA	NA	NA	NA	NA	NA	NA	NA	NA	NA	NA	NA	NA	NA	NA	NA	NA	NA	NA	NA	0	0	0	0	0	0	0	0	0	0	0	0	0	0	0	0	0	0	0	0	0	0	0	0	0	0	0	0	0	0
TARA_R100001460	SAMEA2622190	ERS491955	TARA_102	TARA_20110421T2007Z_102_EVENT_PUMP	[SRF] surface water layer (ENVO:00010504)	5	3	7	0.22	TARA_102_SRF_<-0.22	SEQ-(FeCl3)_W<0.22	TARA_20110421T2007Z_102_EVENT_PUMP_SRF_(5m)_SEQ-(FeCl3)_W<0.22_R100001460	tara_20110421t2019z_102_event_cast	0.72016	P00DT00H09M	1	7.905094	7.905094	7.905094	7.905094	7.905094	16.56381	16.56381	16.56381	16.56381	16.56381	585.365934	585.365934	585.365934	585.365934	585.365934	583.524493	583.524493	583.524493	583.524493	583.524493	0	0	0	0	0	0.0045	0.0045	0.00475	0.005	0.005	0.0063	0.0063	0.00655	0.0068	0.0068	0.0095	0.0095	0.0104	0.0113	0.0113	0	0	0	0	0	0.0087	0.0087	0.0105	0.0123	0.0123
TARA_R100001530	SAMEA2622166	ERS491930	TARA_100	TARA_20110416T1306Z_100_Combined-EVENTS_CAST	[DCM] deep chlorophyll maximum layer (ENVO:01000326)	177	174	180	0.22	TARA_100_DCM_<-0.22	SEQ-(FeCl3)_W<0.22	TARA_20110416T1306Z_100_Combined-EVENTS_CAST_DCM_(177m)_SEQ-(FeCl3)_W<0.22_R100001530	tara_20110421t2019z_102_event_cast	1468.8608	P05DT07H13M	NA	NA	NA	NA	NA	NA	NA	NA	NA	NA	NA	NA	NA	NA	NA	NA	NA	NA	NA	NA	NA	0	0	0	0	0	1.00E-04	1.00E-04	1.00E-04	1.00E-04	1.00E-04	0	0	0	0	0	0	0	0	0	0	0	0	0	0	0	0	0	0	0	0
TARA_R100001443	SAMEA2622142	ERS491897	TARA_100	TARA_20110415T1938Z_100_EVENT_PUMP	[DCM] deep chlorophyll maximum layer (ENVO:01000326)	50	48	52	0.22	TARA_100_DCM_<-0.22	SEQ-(FeCl3)_W<0.22	TARA_20110415T1938Z_100_EVENT_PUMP_DCM_(50m)_SEQ-(FeCl3)_W<0.22_R100001443	tara_20110421t2019z_102_event_cast	1467.43	P06DT00H38M	NA	NA	NA	NA	NA	NA	NA	NA	NA	NA	NA	NA	NA	NA	NA	NA	NA	NA	NA	NA	NA	0	0	0	0	0	0.0099	0.0099	0.0099	0.0099	0.0099	0.0096	0.0096	0.0096	0.0096	0.0096	0.0061	0.0061	0.0061	0.0061	0.0061	0	0	0	0	0	0.002	0.002	0.002	0.002	0.002
TARA_R100001440	SAMEA2622112	ERS491851	TARA_100	TARA_20110415T1245Z_100_EVENT_PUMP	[SRF] surface water layer (ENVO:00010504)	5	3	7	0.22	TARA_100_SRF_<-0.22	SEQ-(FeCl3)_W<0.22	TARA_20110415T1245Z_100_EVENT_PUMP_SRF_(5m)_SEQ-(FeCl3)_W<0.22_R100001440	tara_20110421t2019z_102_event_cast	1466.1157	P06DT07H31M	NA	NA	NA	NA	NA	NA	NA	NA	NA	NA	NA	NA	NA	NA	NA	NA	NA	NA	NA	NA	NA	0	0	0	0	0	0.0049	0.0049	0.0049	0.0049	0.0049	0.0066	0.0066	0.0066	0.0066	0.0066	0.0017	0.0017	0.0017	0.0017	0.0017	0	0	0	0	0	8.00E-04	8.00E-04	8.00E-04	8.00E-04	8.00E-04
TARA_R100001244	SAMEA2621564	ERS491123	TARA_085	TARA_20110107T1041Z_085_Combined-EVENTS_CAST	[MES] marine water layer (ENVO:01000295) within the mesopelagic zone (ENVO:00000213)	790	782	800	0.22	TARA_085_MES_<-0.22	SEQ-(FeCl3)_W<0.22	TARA_20110107T1041Z_085_Combined-EVENTS_CAST_MES_(790m)_SEQ-(FeCl3)_W<0.22_R100001244	tara_20110109t1726z_086_event_cast	320.3162	P02DT06H48M	NA	NA	NA	NA	NA	NA	NA	NA	NA	NA	NA	NA	NA	NA	NA	NA	NA	NA	NA	NA	NA	NA	NA	NA	NA	NA	NA	NA	NA	NA	NA	NA	NA	NA	NA	NA	NA	NA	NA	NA	NA	NA	NA	NA	NA	NA	NA	NA	NA	NA	NA
TARA_R100001369	SAMEA2621528	ERS491063	TARA_085	TARA_20110106T1038Z_085_EVENT_PUMP	[SRF] surface water layer (ENVO:00010504)	5	3	7	0.22	TARA_085_SRF_<-0.22	SEQ-(FeCl3)_W<0.22	TARA_20110106T1038Z_085_EVENT_PUMP_SRF_(5m)_SEQ-(FeCl3)_W<0.22_R100001369	tara_20110109t1726z_086_event_cast	313.0505	P03DT06H49M	NA	NA	NA	NA	NA	NA	NA	NA	NA	NA	NA	NA	NA	NA	NA	NA	NA	NA	NA	NA	NA	0.0112	0.0112	0.0155	0.0198	0.0198	0.0035	0.0035	0.00375	0.004	0.004	0.0265	0.0265	0.02675	0.027	0.027	0	0	0	0	0	0	0	0	0	0	0	0	0	0	0
TARA_R100000935	SAMEA2621502	ERS491016	TARA_084	TARA_20110103T1105Z_084_EVENT_PUMP	[SRF] surface water layer (ENVO:00010504)	5	3	7	0.22	TARA_084_SRF_<-0.22	SEQ-(FeCl3)_W<0.22	TARA_20110103T1105Z_084_EVENT_PUMP_SRF_(5m)_SEQ-(FeCl3)_W<0.22_R100000935	tara_20110103t1117z_084_event_cast	0.43015	P00DT00H05M	0	NA	NA	NA	NA	NA	NA	NA	NA	NA	NA	NA	NA	NA	NA	NA	NA	NA	NA	NA	NA	NA	NA	NA	NA	NA	NA	NA	NA	NA	NA	NA	NA	NA	NA	NA	NA	NA	NA	NA	NA	NA	NA	NA	NA	NA	NA	NA	NA	NA	NA
TARA_R100000541	SAMEA2621416	ERS490900	TARA_082	TARA_20101206T1033Z_082_EVENT_PUMP	[SRF] surface water layer (ENVO:00010504)	5	3	7	0.22	TARA_082_SRF_<-0.22	SEQ-(FeCl3)_W<0.22	TARA_20101206T1033Z_082_EVENT_PUMP_SRF_(5m)_SEQ-(FeCl3)_W<0.22_R100000541	tara_20101202t1010z_081_event_cast	538.4265	P04DT00H21M	NA	NA	NA	NA	NA	NA	NA	NA	NA	NA	NA	NA	NA	NA	NA	NA	NA	NA	NA	NA	NA	NA	NA	NA	NA	NA	NA	NA	NA	NA	NA	NA	NA	NA	NA	NA	NA	NA	NA	NA	NA	NA	NA	NA	NA	NA	NA	NA	NA	NA	NA
TARA_R100001143	SAMEA2621300	ERS490727	TARA_078	TARA_20101105T1235Z_078_Combined-EVENTS_CAST	[MES] marine water layer (ENVO:01000295) within the mesopelagic zone (ENVO:00000213)	800	798	802	0.22	TARA_078_MES_<-0.22	SEQ-(FeCl3)_W<0.22	TARA_20101105T1235Z_078_Combined-EVENTS_CAST_MES_(800m)_SEQ-(FeCl3)_W<0.22_R100001143	tara_20101104t1024z_078_event_cast	1.0054	P01DT02H08M	0	NA	NA	NA	NA	NA	NA	NA	NA	NA	NA	NA	NA	NA	NA	NA	NA	NA	NA	NA	NA	0	0	0	0	0	0	0	0	0	0	0	0	0	0	0	0	0	0	0	0	0	0	0	0	0	0	0	0	0	0
TARA_R100001163	SAMEA2621285	ERS490704	TARA_078	TARA_20101104T1816Z_078_Combined-EVENTS_CAST	[DCM] deep chlorophyll maximum layer (ENVO:01000326)	120	118	122	0.22	TARA_078_DCM_<-0.22	SEQ-(FeCl3)_W<0.22	TARA_20101104T1816Z_078_Combined-EVENTS_CAST_DCM_(120m)_SEQ-(FeCl3)_W<0.22_R100001163	tara_20101104t1024z_078_event_cast	2.1901	P00DT07H51M	0	NA	NA	NA	NA	NA	NA	NA	NA	NA	NA	NA	NA	NA	NA	NA	NA	NA	NA	NA	NA	0	0	0	0	0	0.0343	0.0343	0.0343	0.0343	0.0343	0.0064	0.0064	0.0064	0.0064	0.0064	0.002	0.002	0.002	0.002	0.002	0.0028	0.0028	0.0028	0.0028	0.0028	5.00E-04	5.00E-04	5.00E-04	5.00E-04	5.00E-04
TARA_R100001132	SAMEA2621247	ERS490648	TARA_076	TARA_20101017T0905Z_076_Combined-EVENTS_CAST	[MES] marine water layer (ENVO:01000295) within the mesopelagic zone (ENVO:00000213)	800	798	802	0.22	TARA_076_MES_<-0.22	SEQ-(FeCl3)_W<0.22	TARA_20101017T0905Z_076_Combined-EVENTS_CAST_MES_(800m)_SEQ-(FeCl3)_W<0.22_R100001132	tara_20101016t1009z_076_event_cast	1.9965	P00DT22H57M	0	NA	NA	NA	NA	NA	NA	NA	NA	NA	NA	NA	NA	NA	NA	NA	NA	NA	NA	NA	NA	0	0	0	0	0	0	0	0	0	0	0	0	0	0	0	0	0	0	0	0	0	0	0	0	0	0	0	0	0	0
TARA_R100000963	SAMEA2621010	ERS490245	TARA_068	TARA_20100913T1303Z_068_Combined-EVENTS_CAST	[MES] marine water layer (ENVO:01000295) within the mesopelagic zone (ENVO:00000213)	700	696	705	0.22	TARA_068_MES_<-0.22	SEQ-(FeCl3)_W<0.22	TARA_20100913T1303Z_068_Combined-EVENTS_CAST_MES_(700m)_SEQ-(FeCl3)_W<0.22_R100000963	"tara_20100913t1708z_068_event_cast,tara_20100913t1857z_068_event_cast"	3.7418	P00DT04H04M	0	NA	NA	NA	NA	NA	NA	NA	NA	NA	NA	NA	NA	NA	NA	NA	NA	NA	NA	NA	NA	0	0	0	0	0	0	0	0	0	0	0.0021	0.0021	0.0021	0.0021	0.0021	0	0	0	0	0	0	0	0	0	0	0	0	0	0	0
TARA_R100000306	SAMEA2620824	ERS489996	TARA_064	TARA_20100707T1217Z_064_Combined-EVENTS_CAST	[MES] marine water layer (ENVO:01000295) within the mesopelagic zone (ENVO:00000213)	1000	998	1002	0.22	TARA_064_MES_<-0.22	SEQ-(FeCl3)_W<0.22	TARA_20100707T1217Z_064_Combined-EVENTS_CAST_MES_(1000m)_SEQ-(FeCl3)_W<0.22_R100000306	tara_20100707t0455z_064_event_cast	2.9615	P00DT07H16M	0	NA	NA	NA	NA	NA	NA	NA	NA	NA	NA	NA	NA	NA	NA	NA	NA	NA	NA	NA	NA	NA	NA	NA	NA	NA	NA	NA	NA	NA	NA	NA	NA	NA	NA	NA	NA	NA	NA	NA	NA	NA	NA	NA	NA	NA	NA	NA	NA	NA	NA
TARA_R100000329	SAMEA2620783	ERS489904	TARA_062	TARA_20100703T0809Z_062_EVENT_PUMP	[SRF] surface water layer (ENVO:00010504)	5	3	7	0.22	TARA_062_SRF_<-0.22	SEQ-(FeCl3)_W<0.22	TARA_20100703T0809Z_062_EVENT_PUMP_SRF_(5m)_SEQ-(FeCl3)_W<0.22_R100000329	tara_20100629t0547z_058_event_cast	568.0233	P04DT02H23M	NA	NA	NA	NA	NA	NA	NA	NA	NA	NA	NA	NA	NA	NA	NA	NA	NA	NA	NA	NA	NA	NA	NA	NA	NA	NA	NA	NA	NA	NA	NA	NA	NA	NA	NA	NA	NA	NA	NA	NA	NA	NA	NA	NA	NA	NA	NA	NA	NA	NA	NA
TARA_R100000278	SAMEA2620755	ERS489867	TARA_058	TARA_20100629T1500Z_058_EVENT_PUMP	[DCM] deep chlorophyll maximum layer (ENVO:01000326)	66	64	68	0.22	TARA_058_DCM_<-0.22	SEQ-(FeCl3)_W<0.22	TARA_20100629T1500Z_058_EVENT_PUMP_DCM_(66m)_SEQ-(FeCl3)_W<0.22_R100000278	tara_20100629t0547z_058_event_cast	29.0043	P00DT09H14M	0	NA	NA	NA	NA	NA	NA	NA	NA	NA	NA	NA	NA	NA	NA	NA	NA	NA	NA	NA	NA	0.0041	0.0041	0.0041	0.0041	0.0041	0.061	0.061	0.061	0.061	0.061	0.016	0.016	0.016	0.016	0.016	0.005	0.005	0.005	0.005	0.005	0.0045	0.0045	0.0045	0.0045	0.0045	0.0016	0.0016	0.0016	0.0016	0.0016
TARA_R100000365	SAMEA2620668	ERS489729	TARA_056	TARA_20100626T0713Z_056_EVENT_CAST	[MES] marine water layer (ENVO:01000295) within the mesopelagic zone (ENVO:00000213)	1000	990	1008	0.22	TARA_056_MES_<-0.22	SEQ-(FeCl3)_W<0.22	TARA_20100626T0713Z_056_EVENT_CAST_MES_(1000m)_SEQ-(FeCl3)_W<0.22_R100000365	tara_20100625t1255z_055_event_cast	144.3237	P00DT18H16M	NA	NA	NA	NA	NA	NA	NA	NA	NA	NA	NA	NA	NA	NA	NA	NA	NA	NA	NA	NA	NA	NA	NA	NA	NA	NA	NA	NA	NA	NA	NA	NA	NA	NA	NA	NA	NA	NA	NA	NA	NA	NA	NA	NA	NA	NA	NA	NA	NA	NA	NA
TARA_R100000353	SAMEA2620663	ERS489724	TARA_056	TARA_20100626T0705Z_056_EVENT_PUMP	[SRF] surface water layer (ENVO:00010504)	5	3	7	0.22	TARA_056_SRF_<-0.22	SEQ-(FeCl3)_W<0.22	TARA_20100626T0705Z_056_EVENT_PUMP_SRF_(5m)_SEQ-(FeCl3)_W<0.22_R100000353	tara_20100625t1255z_055_event_cast	144.6554	P00DT18H09M	NA	NA	NA	NA	NA	NA	NA	NA	NA	NA	NA	NA	NA	NA	NA	NA	NA	NA	NA	NA	NA	NA	NA	NA	NA	NA	NA	NA	NA	NA	NA	NA	NA	NA	NA	NA	NA	NA	NA	NA	NA	NA	NA	NA	NA	NA	NA	NA	NA	NA	NA
TARA_R100000231	SAMEA2620565	ERS489552	TARA_052	TARA_20100517T0410Z_052_EVENT_PUMP	[SRF] surface water layer (ENVO:00010504)	5	3	7	0.22	TARA_052_SRF_<-0.22	SEQ-(FeCl3)_W<0.22	TARA_20100517T0410Z_052_EVENT_PUMP_SRF_(5m)_SEQ-(FeCl3)_W<0.22_R100000231	tara_20100517t0410z_052_event_cast	0.54031	P00DT00H13M	1	7.612326	7.612326	7.612326	7.612326	7.612326	33.461945	33.461945	33.461945	33.461945	33.461945	1266.083085	1266.083085	1266.083085	1266.083085	1266.083085	1262.233779	1262.233779	1262.233779	1262.233779	1262.233779	0	0	0	0	0	0.0061	0.0061	0.0061	0.0061	0.0061	0.0022	0.0022	0.0022	0.0022	0.0022	0	0	0	0	0	0	0	0	0	0	0	0	0	0	0
TARA_R100000426	SAMEA2620421	ERS489332	TARA_048	TARA_20100419T0756Z_048_EVENT_PUMP	[SRF] surface water layer (ENVO:00010504)	5	3	7	0.22	TARA_048_SRF_<-0.22	SEQ-(FeCl3)_W<0.22	TARA_20100419T0756Z_048_EVENT_PUMP_SRF_(5m)_SEQ-(FeCl3)_W<0.22_R100000426	tara_20100415t0240z_046_event_cast	1223.6377	P04DT05H17M	NA	NA	NA	NA	NA	NA	NA	NA	NA	NA	NA	NA	NA	NA	NA	NA	NA	NA	NA	NA	NA	0	0	0	0	0	6.00E-04	6.00E-04	0.00125	0.0019	0.0019	3.00E-04	3.00E-04	7.00E-04	0.0011	0.0011	0	0	0	0	0	0	0	0	0	0	0	0	0	0	0
TARA_R100000388	SAMEA2620360	ERS489257	TARA_045	TARA_20100413T0321Z_045_EVENT_PUMP	[SRF] surface water layer (ENVO:00010504)	5	3	7	0.22	TARA_045_SRF_<-0.22	SEQ-(FeCl3)_W<0.22	TARA_20100413T0321Z_045_EVENT_PUMP_SRF_(5m)_SEQ-(FeCl3)_W<0.22_R100000388	tara_20100415t0240z_046_event_cast	184.2038	P01DT23H17M	NA	NA	NA	NA	NA	NA	NA	NA	NA	NA	NA	NA	NA	NA	NA	NA	NA	NA	NA	NA	NA	NA	NA	NA	NA	NA	NA	NA	NA	NA	NA	NA	NA	NA	NA	NA	NA	NA	NA	NA	NA	NA	NA	NA	NA	NA	NA	NA	NA	NA	NA
TARA_R100000501	SAMEA2620120	ERS488959	TARA_039	TARA_20100320T0817Z_039_Combined-EVENTS_CAST	[MES] marine water layer (ENVO:01000295) within the mesopelagic zone (ENVO:00000213)	270	262	280	0.22	TARA_039_MES_<-0.22	SEQ-(FeCl3)_W<0.22	TARA_20100320T0817Z_039_Combined-EVENTS_CAST_MES_(270m)_SEQ-(FeCl3)_W<0.22_R100000501	tara_20100315t0345z_038_event_cast	202.1858	P05DT04H30M	NA	NA	NA	NA	NA	NA	NA	NA	NA	NA	NA	NA	NA	NA	NA	NA	NA	NA	NA	NA	NA	0.0058	0.0058	0.0058	0.0058	0.0058	0	0	0	0	0	0	0	0	0	0	0	0	0	0	0	0	0	0	0	0	0	0	0	0	0
TARA_R100000093	SAMEA2620053	ERS488867	TARA_038	TARA_20100316T0614Z_038_Combined-EVENTS_CAST	[MES] marine water layer (ENVO:01000295) within the mesopelagic zone (ENVO:00000213)	340	332	350	0.22	TARA_038_MES_<-0.22	SEQ-(FeCl3)_W<0.22	TARA_20100316T0614Z_038_Combined-EVENTS_CAST_MES_(340m)_SEQ-(FeCl3)_W<0.22_R100000093	tara_20100315t0345z_038_event_cast	7.3775	P01DT02H28M	0	NA	NA	NA	NA	NA	NA	NA	NA	NA	NA	NA	NA	NA	NA	NA	NA	NA	NA	NA	NA	0.0061	0.0061	0.0061	0.0061	0.0061	0	0	0	0	0	0	0	0	0	0	0	0	0	0	0	0	0	0	0	0	0	0	0	0	0
TARA_R100000049	SAMEA2619992	ERS488791	TARA_037	TARA_20100313T0507Z_037_Combined-EVENTS_CAST	[MES] marine water layer (ENVO:01000295) within the mesopelagic zone (ENVO:00000213)	600	596	605	0.22	TARA_037_MES_<-0.22	SEQ-(FeCl3)_W<0.22	TARA_20100313T0507Z_037_Combined-EVENTS_CAST_MES_(600m)_SEQ-(FeCl3)_W<0.22_R100000049	tara_20100312t0620z_036_event_cast	8.8914	P00DT10H48M	0	NA	NA	NA	NA	NA	NA	NA	NA	NA	NA	NA	NA	NA	NA	NA	NA	NA	NA	NA	NA	0	0	0	0	0	0	0	0	0	0	0	0	0	0	0	0	0	0	0	0	0	0	0	0	0	0	0	0	0	0
TARA_A100001201	SAMEA2619872	ERS488636	TARA_033	TARA_20100113T0716Z_033_EVENT_PUMP	[SRF] surface water layer (ENVO:00010504)	5	3	7	0.22	TARA_033_SRF_<-0.22	SEQ-(FeCl3)_W<0.22	TARA_20100113T0716Z_033_EVENT_PUMP_SRF_(5m)_SEQ-(FeCl3)_W<0.22_A100001201	tara_20100113t1102z_033_event_cast	20.3827	P00DT03H38M	1	7.80708	7.80708	7.80708	7.80708	7.80708	20.838036	20.838036	20.838036	20.838036	20.838036	794.898869	794.898869	794.898869	794.898869	794.898869	792.464886	792.464886	792.464886	792.464886	792.464886	0	0	0	0	0	0.0069	0.0069	0.00775	0.0086	0.0086	0.0064	0.0064	0.007	0.0076	0.0076	0.0018	0.0018	0.0019	0.002	0.002	0.0028	0.0028	0.00305	0.0033	0.0033	0.0014	0.0014	0.0016	0.0018	0.0018
TARA_X000001316	SAMEA2619625	ERS488253	TARA_011	TARA_20091004T0830Z_011_EVENT_PUMP	[SRF] surface water layer (ENVO:00010504)	9	3	15	0.22	TARA_011_SRF_<-0.22	SEQ-(FeCl3)_W<0.22	TARA_20091004T0830Z_011_EVENT_PUMP_SRF_(9m)_SEQ-(FeCl3)_W<0.22_X000001316	tara_20091011t0652z_012_event_cast	457.7126	P06DT22H18M	NA	NA	NA	NA	NA	NA	NA	NA	NA	NA	NA	NA	NA	NA	NA	NA	NA	NA	NA	NA	NA	NA	NA	NA	NA	NA	NA	NA	NA	NA	NA	NA	NA	NA	NA	NA	NA	NA	NA	NA	NA	NA	NA	NA	NA	NA	NA	NA	NA	NA	NA
TARA_R100001510	SAMEA2622357	ERS492198	TARA_109	TARA_20110512T2215Z_109_EVENT_PUMP	[DCM] deep chlorophyll maximum layer (ENVO:01000326)	30	28	32	0.22	TARA_109_DCM_<-0.22	SEQ-(FeCl3)_W<0.22	TARA_20110512T2215Z_109_EVENT_PUMP_DCM_(30m)_SEQ-(FeCl3)_W<0.22_R100001510	tara_20110512t1345z_109_event_cast	4.7915	P00DT08H36M	0	NA	NA	NA	NA	NA	NA	NA	NA	NA	NA	NA	NA	NA	NA	NA	NA	NA	NA	NA	NA	0	0	0	0	0	0.0127	0.015375	0.0234	0.023775	0.0239	0.0109	0.011425	0.013	0.0169	0.0182	0.0126	0.014325	0.0195	0.020775	0.0212	0	0	0	0	0	0.0088	0.0091	0.01	0.011725	0.0123
TARA_R100001509	SAMEA2622331	ERS492160	TARA_109	TARA_20110512T1400Z_109_EVENT_PUMP	[SRF] surface water layer (ENVO:00010504)	5	3	7	0.22	TARA_109_SRF_<-0.22	SEQ-(FeCl3)_W<0.22	TARA_20110512T1400Z_109_EVENT_PUMP_SRF_(5m)_SEQ-(FeCl3)_W<0.22_R100001509	tara_20110512t1345z_109_event_cast	0.002618	P00DT00H21M	1	8.021784	8.021784	8.021784	8.021784	8.021784	10.944395	10.944395	10.944395	10.944395	10.944395	409.791925	409.791925	409.791925	409.791925	409.791925	408.543322	408.543322	408.543322	408.543322	408.543322	0	0	0	0	0	0.002	0.002	0.00275	0.0035	0.0035	0.003	0.003	0.004	0.005	0.005	0.004	0.004	0.005	0.006	0.006	0	0	0	0	0	0.0043	0.0043	0.00545	0.0066	0.0066
TARA_R100001377	SAMEA2621548	ERS491107	TARA_085	TARA_20110106T1936Z_085_Combined-EVENTS_CAST	[DCM] deep chlorophyll maximum layer (ENVO:01000326)	90	80	98	0.22	TARA_085_DCM_<-0.22	SEQ-(FeCl3)_W<0.22	TARA_20110106T1936Z_085_Combined-EVENTS_CAST_DCM_(90m)_SEQ-(FeCl3)_W<0.22_R100001377	tara_20110109t1726z_086_event_cast	305.858	P02DT21H53M	NA	NA	NA	NA	NA	NA	NA	NA	NA	NA	NA	NA	NA	NA	NA	NA	NA	NA	NA	NA	NA	NA	NA	NA	NA	NA	NA	NA	NA	NA	NA	NA	NA	NA	NA	NA	NA	NA	NA	NA	NA	NA	NA	NA	NA	NA	NA	NA	NA	NA	NA
TARA_R100000544	SAMEA2621448	ERS490953	TARA_082	TARA_20101206T1858Z_082_EVENT_PUMP	[DCM] deep chlorophyll maximum layer (ENVO:01000326)	40	38	42	0.22	TARA_082_DCM_<-0.22	SEQ-(FeCl3)_W<0.22	TARA_20101206T1858Z_082_EVENT_PUMP_DCM_(40m)_SEQ-(FeCl3)_W<0.22_R100000544	tara_20101202t1010z_081_event_cast	517.1282	P04DT08H46M	NA	NA	NA	NA	NA	NA	NA	NA	NA	NA	NA	NA	NA	NA	NA	NA	NA	NA	NA	NA	NA	NA	NA	NA	NA	NA	NA	NA	NA	NA	NA	NA	NA	NA	NA	NA	NA	NA	NA	NA	NA	NA	NA	NA	NA	NA	NA	NA	NA	NA	NA
TARA_R100001224	SAMEA2621271	ERS490676	TARA_078	TARA_20101104T1015Z_078_EVENT_PUMP	[SRF] surface water layer (ENVO:00010504)	5	3	7	0.22	TARA_078_SRF_<-0.22	SEQ-(FeCl3)_W<0.22	TARA_20101104T1015Z_078_EVENT_PUMP_SRF_(5m)_SEQ-(FeCl3)_W<0.22_R100001224	tara_20101104t1024z_078_event_cast	0.16125	P00DT00H00M	1	8.101368	8.101368	8.101368	8.101368	8.101368	11.348365	11.348365	11.348365	11.348365	11.348365	352.602797	352.602797	352.602797	352.602797	352.602797	351.420547	351.420547	351.420547	351.420547	351.420547	0	0	0	0	0	0.0027	0.0027	0.0027	0.0027	0.0027	0.0053	0.0053	0.0054	0.0055	0.0055	0	0	0	0	0	0	0	0	0	0	3.00E-04	3.00E-04	3.00E-04	3.00E-04	3.00E-04
TARA_R100001129	SAMEA2621229	ERS490610	TARA_076	TARA_20101016T1700Z_076_Combined-EVENTS_CAST	[DCM] deep chlorophyll maximum layer (ENVO:01000326)	150	148	152	0.22	TARA_076_DCM_<-0.22	SEQ-(FeCl3)_W<0.22	TARA_20101016T1700Z_076_Combined-EVENTS_CAST_DCM_(150m)_SEQ-(FeCl3)_W<0.22_R100001129	tara_20101016t1009z_076_event_cast	18.7506	P00DT06H50M	0	NA	NA	NA	NA	NA	NA	NA	NA	NA	NA	NA	NA	NA	NA	NA	NA	NA	NA	NA	NA	0	0	0	0	0	0.0151	0.0151	0.01715	0.0192	0.0192	0.0023	0.0023	0.00245	0.0026	0.0026	5.00E-04	5.00E-04	6.00E-04	7.00E-04	7.00E-04	7.00E-04	7.00E-04	0.00085	0.001	0.001	0	0	0	0	0
TARA_R100001126	SAMEA2621213	ERS490557	TARA_076	TARA_20101016T0955Z_076_EVENT_PUMP	[SRF] surface water layer (ENVO:00010504)	5	3	7	0.22	TARA_076_SRF_<-0.22	SEQ-(FeCl3)_W<0.22	TARA_20101016T0955Z_076_EVENT_PUMP_SRF_(5m)_SEQ-(FeCl3)_W<0.22_R100001126	tara_20101016t1009z_076_event_cast	1.7268	P00DT00H12M	1	8.084707	8.084707	8.084707	8.084707	8.084707	10.872174	10.872174	10.872174	10.872174	10.872174	372.545678	372.545678	372.545678	372.545678	372.545678	371.349312	371.349312	371.349312	371.349312	371.349312	0	0	0	0	0	0.0016	0.0016	0.0016	0.0016	0.0016	0.0019	0.0019	0.0019	0.0019	0.0019	0	0	0	0	0	0	0	0	0	0	0	0	0	0	0
TARA_R100001086	SAMEA2621191	ERS490522	TARA_072	TARA_20101006T0759Z_072_Combined-EVENTS_CAST	[MES] marine water layer (ENVO:01000295) within the mesopelagic zone (ENVO:00000213)	800	798	802	0.22	TARA_072_MES_<-0.22	SEQ-(FeCl3)_W<0.22	TARA_20101006T0759Z_072_Combined-EVENTS_CAST_MES_(800m)_SEQ-(FeCl3)_W<0.22_R100001086	tara_20101005t0810z_072_event_cast	2.6747	P00DT23H47M	0	NA	NA	NA	NA	NA	NA	NA	NA	NA	NA	NA	NA	NA	NA	NA	NA	NA	NA	NA	NA	0	0	0	0	0	0	0	0	0	0	0	0	0	0	0	0	0	0	0	0	0	0	0	0	0	0	0	0	0	0
TARA_R100001082	SAMEA2621173	ERS490494	TARA_072	TARA_20101005T1535Z_072_EVENT_PUMP	[DCM] deep chlorophyll maximum layer (ENVO:01000326)	100	98	102	0.22	TARA_072_DCM_<-0.22	SEQ-(FeCl3)_W<0.22	TARA_20101005T1535Z_072_EVENT_PUMP_DCM_(100m)_SEQ-(FeCl3)_W<0.22_R100001082	tara_20101005t0810z_072_event_cast	7.3764	P00DT07H24M	0	NA	NA	NA	NA	NA	NA	NA	NA	NA	NA	NA	NA	NA	NA	NA	NA	NA	NA	NA	NA	0	0	0	0	0	0.0261	0.034975	0.0616	0.064525	0.0655	0.0052	0.00605	0.0086	0.00875	0.0088	0.0025	0.00395	0.0083	0.0098	0.0103	0.001	0.001325	0.0023	0.002375	0.0024	0.0012	0.001375	0.0019	0.00205	0.0021
TARA_R100001079	SAMEA2621151	ERS490452	TARA_072	TARA_20101005T0800Z_072_EVENT_PUMP	[SRF] surface water layer (ENVO:00010504)	5	3	7	0.22	TARA_072_SRF_<-0.22	SEQ-(FeCl3)_W<0.22	TARA_20101005T0800Z_072_EVENT_PUMP_SRF_(5m)_SEQ-(FeCl3)_W<0.22_R100001079	tara_20101005t0810z_072_event_cast	0.4196	P00DT00H10M	1	8.06029	8.06029	8.06029	8.06029	8.06029	11.00154	11.00154	11.00154	11.00154	11.00154	391.889745	391.889745	391.889745	391.889745	391.889745	390.65649	390.65649	390.65649	390.65649	390.65649	0	0	0	0	0	0.0038	0.0038	0.0038	0.0038	0.0038	0.0018	0.0018	0.0018	0.0018	0.0018	0	0	0	0	0	0	0	0	0	0	0	0	0	0	0
TARA_R100001039	SAMEA2621107	ERS490388	TARA_070	TARA_20100922T0637Z_070_Combined-EVENTS_CAST	[MES] marine water layer (ENVO:01000295) within the mesopelagic zone (ENVO:00000213)	800	785	812	0.22	TARA_070_MES_<-0.22	SEQ-(FeCl3)_W<0.22	TARA_20100922T0637Z_070_Combined-EVENTS_CAST_MES_(800m)_SEQ-(FeCl3)_W<0.22_R100001039	tara_20100921t0707z_070_event_cast	3.9692	P00DT04H51M	0	NA	NA	NA	NA	NA	NA	NA	NA	NA	NA	NA	NA	NA	NA	NA	NA	NA	NA	NA	NA	NA	NA	NA	NA	NA	NA	NA	NA	NA	NA	NA	NA	NA	NA	NA	NA	NA	NA	NA	NA	NA	NA	NA	NA	NA	NA	NA	NA	NA	NA
TARA_R100001015	SAMEA2621085	ERS490346	TARA_070	TARA_20100921T0655Z_070_EVENT_PUMP	[SRF] surface water layer (ENVO:00010504)	5	3	7	0.22	TARA_070_SRF_<-0.22	SEQ-(FeCl3)_W<0.22	TARA_20100921T0655Z_070_EVENT_PUMP_SRF_(5m)_SEQ-(FeCl3)_W<0.22_R100001015	tara_20100921t0707z_070_event_cast	3.2513	P00DT00H10M	1	8.057761	8.057761	8.057761	8.057761	8.057761	12.878576	12.878576	12.878576	12.878576	12.878576	399.038779	399.038779	399.038779	399.038779	399.038779	397.699004	397.699004	397.699004	397.699004	397.699004	0	0	0	0	0	0.0384	0.0384	0.04	0.0416	0.0416	0.0103	0.0103	0.0103	0.0103	0.0103	0.0031	0.0031	0.0033	0.0035	0.0035	0	0	0	0	0	0.001	0.001	0.00105	0.0011	0.0011
TARA_R100000995	SAMEA2621061	ERS490320	TARA_068	TARA_20100914T1330Z_068_EVENT_PUMP	[DCM] deep chlorophyll maximum layer (ENVO:01000326)	50	48	52	0.22	TARA_068_DCM_<-0.22	SEQ-(FeCl3)_W<0.22	TARA_20100914T1330Z_068_EVENT_PUMP_DCM_(50m)_SEQ-(FeCl3)_W<0.22_R100000995	"tara_20100913t1857z_068_event_cast,tara_20100913t1708z_068_event_cast"	3.42	P00DT18H33M	0	NA	NA	NA	NA	NA	NA	NA	NA	NA	NA	NA	NA	NA	NA	NA	NA	NA	NA	NA	NA	0	0	0	0	0	0.0692	0.0692	0.0692	0.0692	0.0692	0.0183	0.0183	0.0183	0.0183	0.0183	0.0038	0.0038	0.0038	0.0038	0.0038	0.0048	0.0048	0.0048	0.0048	0.0048	0.0024	0.0024	0.0024	0.0024	0.0024
TARA_R100000988	SAMEA2621033	ERS490285	TARA_068	TARA_20100914T0655Z_068_EVENT_PUMP	[SRF] surface water layer (ENVO:00010504)	5	3	7	0.22	TARA_068_SRF_<-0.22	SEQ-(FeCl3)_W<0.22	TARA_20100914T0655Z_068_EVENT_PUMP_SRF_(5m)_SEQ-(FeCl3)_W<0.22_R100000988	"tara_20100913t1857z_068_event_cast,tara_20100913t1708z_068_event_cast"	2.9397	P00DT11H58M	1	8.087022	8.087022	8.087022	8.087022	8.087022	12.727681	12.727681	12.727681	12.727681	12.727681	363.350186	363.350186	363.350186	363.350186	363.350186	362.087593	362.087593	362.087593	362.087593	362.087593	0	0	0	0	0	0.0265	0.0265	0.0462	0.0659	0.0659	0.0109	0.0109	0.01515	0.0194	0.0194	0.0017	0.0017	0.00255	0.0034	0.0034	0.0021	0.0021	0.0034	0.0047	0.0047	0	0	0.00155	0.0031	0.0031
TARA_R100000951	SAMEA2620991	ERS490204	TARA_067	TARA_20100907T0619Z_067_EVENT_PUMP	[SRF] surface water layer (ENVO:00010504)	5	3	7	0.22	TARA_067_SRF_<-0.22	SEQ-(FeCl3)_W<0.22	TARA_20100907T0619Z_067_EVENT_PUMP_SRF_(5m)_SEQ-(FeCl3)_W<0.22_R100000951	tara_20100907t0635z_067_event_cast	0.97425	P00DT00H16M	1	8.025701	8.025701	8.025701	8.025701	8.025701	17.005393	17.005393	17.005393	17.005393	17.005393	425.604647	425.604647	425.604647	425.604647	425.604647	424.045046	424.045046	424.045046	424.045046	424.045046	0.2151	0.2151	0.2919	0.3687	0.3687	0.0518	0.0518	0.07385	0.0959	0.0959	1.5115	1.5115	2.1997	2.8879	2.8879	0.0331	0.0331	0.0483	0.0635	0.0635	0.1117	0.1117	0.1434	0.1751	0.1751	0.0146	0.0146	0.0288	0.043	0.043
TARA_R100000908	SAMEA2620967	ERS490180	TARA_066	TARA_20100715T1539Z_066_Combined-EVENTS_CAST	[DCM] deep chlorophyll maximum layer (ENVO:01000326)	30	30	30	0.22	TARA_066_DCM_<-0.22	SEQ-(FeCl3)_W<0.22	TARA_20100715T1539Z_066_Combined-EVENTS_CAST_DCM_(30m)_SEQ-(FeCl3)_W<0.22_R100000908	tara_20100715t1230z_066_event_cast	11.2044	P00DT03H09M	0	NA	NA	NA	NA	NA	NA	NA	NA	NA	NA	NA	NA	NA	NA	NA	NA	NA	NA	NA	NA	0.0242	0.0242	0.0245	0.0248	0.0248	0.025	0.025	0.0276	0.0302	0.0302	0.0273	0.0273	0.0296	0.0319	0.0319	0.0049	0.0049	0.00545	0.006	0.006	0.0142	0.0142	0.01535	0.0165	0.0165	0.0014	0.0014	0.00175	0.0021	0.0021
TARA_R100000900	SAMEA2620947	ERS490142	TARA_066	TARA_20100715T1222Z_066_EVENT_PUMP	[SRF] surface water layer (ENVO:00010504)	5	3	7	0.22	TARA_066_SRF_<-0.22	SEQ-(FeCl3)_W<0.22	TARA_20100715T1222Z_066_EVENT_PUMP_SRF_(5m)_SEQ-(FeCl3)_W<0.22_R100000900	tara_20100715t1230z_066_event_cast	1.8748	P00DT00H04M	1	8.10696	8.10696	8.10696	8.10696	8.10696	12.73317	12.73317	12.73317	12.73317	12.73317	342.386945	342.386945	342.386945	342.386945	342.386945	341.167562	341.167562	341.167562	341.167562	341.167562	0.0244	0.0244	0.0244	0.0244	0.0244	0.0271	0.0271	0.0271	0.0271	0.0271	0.0302	0.0302	0.0302	0.0302	0.0302	0.0051	0.0051	0.0051	0.0051	0.0051	0.0139	0.0139	0.0139	0.0139	0.0139	0.0013	0.0013	0.0013	0.0013	0.0013
TARA_R100001198	SAMEA2620925	ERS490120	TARA_065	TARA_20100712T1106Z_065_Combined-EVENTS_CAST	[DCM] deep chlorophyll maximum layer (ENVO:01000326)	30	28	32	0.22	TARA_065_DCM_<-0.22	SEQ-(FeCl3)_W<0.22	TARA_20100712T1106Z_065_Combined-EVENTS_CAST_DCM_(30m)_SEQ-(FeCl3)_W<0.22_R100001198	tara_20100715t1230z_066_event_cast	761.6375	P03DT01H23M	NA	NA	NA	NA	NA	NA	NA	NA	NA	NA	NA	NA	NA	NA	NA	NA	NA	NA	NA	NA	NA	NA	NA	NA	NA	NA	NA	NA	NA	NA	NA	NA	NA	NA	NA	NA	NA	NA	NA	NA	NA	NA	NA	NA	NA	NA	NA	NA	NA	NA	NA
TARA_R100001230	SAMEA2620879	ERS490053	TARA_065	TARA_20100712T0559Z_065_EVENT_PUMP	[SRF] surface water layer (ENVO:00010504)	5	3	7	0.22	TARA_065_SRF_<-0.22	SEQ-(FeCl3)_W<0.22	TARA_20100712T0559Z_065_EVENT_PUMP_SRF_(5m)_SEQ-(FeCl3)_W<0.22_R100001230	tara_20100715t1230z_066_event_cast	760.0193	P03DT06H27M	NA	NA	NA	NA	NA	NA	NA	NA	NA	NA	NA	NA	NA	NA	NA	NA	NA	NA	NA	NA	NA	NA	NA	NA	NA	NA	NA	NA	NA	NA	NA	NA	NA	NA	NA	NA	NA	NA	NA	NA	NA	NA	NA	NA	NA	NA	NA	NA	NA	NA	NA
TARA_R100000315	SAMEA2620852	ERS490026	TARA_064	TARA_20100708T0621Z_064_EVENT_PUMP	[DCM] deep chlorophyll maximum layer (ENVO:01000326)	65	63	67	0.22	TARA_064_DCM_<-0.22	SEQ-(FeCl3)_W<0.22	TARA_20100708T0621Z_064_EVENT_PUMP_DCM_(65m)_SEQ-(FeCl3)_W<0.22_R100000315	tara_20100707t0455z_064_event_cast	8.3572	P01DT01H24M	0	NA	NA	NA	NA	NA	NA	NA	NA	NA	NA	NA	NA	NA	NA	NA	NA	NA	NA	NA	NA	0	0	0	0	0	0.0135	0.0135	0.01725	0.021	0.021	0.0167	0.0167	0.02	0.0233	0.0233	0.0015	0.0015	0.0017	0.0019	0.0019	0.0047	0.0047	0.0047	0.0047	0.0047	0	0	0	0	0
TARA_R100000322	SAMEA2620812	ERS489943	TARA_064	TARA_20100707T0448Z_064_EVENT_PUMP	[SRF] surface water layer (ENVO:00010504)	5	3	7	0.22	TARA_064_SRF_<-0.22	SEQ-(FeCl3)_W<0.22	TARA_20100707T0448Z_064_EVENT_PUMP_SRF_(5m)_SEQ-(FeCl3)_W<0.22_R100000322	tara_20100707t0455z_064_event_cast	0.14927	P00DT00H08M	1	8.103935	8.103935	8.103935	8.103935	8.103935	10.334428	10.334428	10.334428	10.334428	10.334428	340.035166	340.035166	340.035166	340.035166	340.035166	338.927141	338.927141	338.927141	338.927141	338.927141	0	0	0	0	0	0.0089	0.0089	0.0089	0.0089	0.0089	0.0103	0.0103	0.0103	0.0103	0.0103	0.0012	0.0012	0.0012	0.0012	0.0012	0.0034	0.0034	0.0034	0.0034	0.0034	0	0	0	0	0
TARA_R100000234	SAMEA2620588	ERS489603	TARA_052	TARA_20100517T1142Z_052_EVENT_PUMP	[DCM] deep chlorophyll maximum layer (ENVO:01000326)	75	73	77	0.22	TARA_052_DCM_<-0.22	SEQ-(FeCl3)_W<0.22	TARA_20100517T1142Z_052_EVENT_PUMP_DCM_(75m)_SEQ-(FeCl3)_W<0.22_R100000234	tara_20100517t0410z_052_event_cast	2.6965	P00DT07H45M	0	NA	NA	NA	NA	NA	NA	NA	NA	NA	NA	NA	NA	NA	NA	NA	NA	NA	NA	NA	NA	0	0	0	0	0	0.0296	0.0296	0.0296	0.0296	0.0296	0.0091	0.0091	0.0091	0.0091	0.0091	0.0057	0.0057	0.0057	0.0057	0.0057	0	0	0	0	0	0.0017	0.0017	0.0017	0.0017	0.0017
TARA_R100000406	SAMEA2620384	ERS489285	TARA_046	TARA_20100415T0201Z_046_EVENT_PUMP	[SRF] surface water layer (ENVO:00010504)	5	3	7	0.22	TARA_046_SRF_<-0.22	SEQ-(FeCl3)_W<0.22	TARA_20100415T0201Z_046_EVENT_PUMP_SRF_(5m)_SEQ-(FeCl3)_W<0.22_R100000406	tara_20100415t0240z_046_event_cast	0.006677	P00DT00H37M	1	8.016174	8.016174	8.016174	8.016174	8.016174	10.576483	10.576483	10.576483	10.576483	10.576483	422.817683	422.817683	422.817683	422.817683	422.817683	421.566212	421.566212	421.566212	421.566212	421.566212	0.0063	0.0063	0.00675	0.0072	0.0072	0.002	0.002	0.0026	0.0032	0.0032	0.0064	0.0064	0.00815	0.0099	0.0099	0.0018	0.0018	0.00185	0.0019	0.0019	0.007	0.007	0.00725	0.0075	0.0075	6.00E-04	6.00E-04	7.00E-04	8.00E-04	8.00E-04
TARA_R100000152	SAMEA2620273	ERS489148	TARA_042	TARA_20100404T0950Z_042_EVENT_PUMP	[DCM] deep chlorophyll maximum layer (ENVO:01000326)	80	78	82	0.22	TARA_042_DCM_<-0.22	SEQ-(FeCl3)_W<0.22	TARA_20100404T0950Z_042_EVENT_PUMP_DCM_(80m)_SEQ-(FeCl3)_W<0.22_R100000152	tara_20100415t0240z_046_event_cast	744.917	P10DT16H48M	NA	NA	NA	NA	NA	NA	NA	NA	NA	NA	NA	NA	NA	NA	NA	NA	NA	NA	NA	NA	NA	0	0	0.0024	0.0048	0.0048	0.0091	0.0091	0.01365	0.0182	0.0182	0.0022	0.0022	0.0036	0.005	0.005	0.001	0.001	0.00295	0.0049	0.0049	0.0015	0.0015	0.0024	0.0033	0.0033	0	0	4.00E-04	8.00E-04	8.00E-04
TARA_R100000149	SAMEA2620256	ERS489113	TARA_042	TARA_20100404T0247Z_042_EVENT_PUMP	[SRF] surface water layer (ENVO:00010504)	5	3	7	0.22	TARA_042_SRF_<-0.22	SEQ-(FeCl3)_W<0.22	TARA_20100404T0247Z_042_EVENT_PUMP_SRF_(5m)_SEQ-(FeCl3)_W<0.22_R100000149	tara_20100415t0240z_046_event_cast	744.8132	P10DT23H51M	NA	NA	NA	NA	NA	NA	NA	NA	NA	NA	NA	NA	NA	NA	NA	NA	NA	NA	NA	NA	NA	0	0	0	0	0	7.00E-04	7.00E-04	0.00085	0.001	0.001	8.00E-04	8.00E-04	0.00085	9.00E-04	9.00E-04	0	0	0	0	0	0	0	0	0	0	0	0	0	0	0
TARA_R100000458	SAMEA2620227	ERS489084	TARA_041	TARA_20100330T1056Z_041_EVENT_PUMP	[DCM] deep chlorophyll maximum layer (ENVO:01000326)	60	58	62	0.22	TARA_041_DCM_<-0.22	SEQ-(FeCl3)_W<0.22	TARA_20100330T1056Z_041_EVENT_PUMP_DCM_(60m)_SEQ-(FeCl3)_W<0.22_R100000458	tara_20100315t0345z_038_event_cast	770.1251	P15DT07H11M	NA	NA	NA	NA	NA	NA	NA	NA	NA	NA	NA	NA	NA	NA	NA	NA	NA	NA	NA	NA	NA	0	0	0.00665	0.0133	0.0133	0.0219	0.0219	0.0249	0.0279	0.0279	0.0089	0.0089	0.01485	0.0208	0.0208	0.0016	0.0016	0.002	0.0024	0.0024	0.0032	0.0032	0.0043	0.0054	0.0054	0	0	0.00035	7.00E-04	7.00E-04
TARA_R100000455	SAMEA2620210	ERS489059	TARA_041	TARA_20100330T0247Z_041_EVENT_PUMP	[SRF] surface water layer (ENVO:00010504)	5	3	7	0.22	TARA_041_SRF_<-0.22	SEQ-(FeCl3)_W<0.22	TARA_20100330T0247Z_041_EVENT_PUMP_SRF_(5m)_SEQ-(FeCl3)_W<0.22_R100000455	tara_20100315t0345z_038_event_cast	763.4506	P14DT23H02M	NA	NA	NA	NA	NA	NA	NA	NA	NA	NA	NA	NA	NA	NA	NA	NA	NA	NA	NA	NA	NA	0	0	0	0	0	0	0	0.00075	0.0015	0.0015	7.00E-04	7.00E-04	0.001	0.0013	0.0013	0	0	0	0	0	0	0	0	0	0	0	0	0	0	0
TARA_R100000482	SAMEA2620094	ERS488929	TARA_039	TARA_20100318T1133Z_039_EVENT_PUMP	[DCM] deep chlorophyll maximum layer (ENVO:01000326)	25	23	27	0.22	TARA_039_DCM_<-0.22	SEQ-(FeCl3)_W<0.22	TARA_20100318T1133Z_039_EVENT_PUMP_DCM_(25m)_SEQ-(FeCl3)_W<0.22_R100000482	tara_20100315t0345z_038_event_cast	214.209	P03DT07H48M	NA	NA	NA	NA	NA	NA	NA	NA	NA	NA	NA	NA	NA	NA	NA	NA	NA	NA	NA	NA	NA	0	0	0	0	0	0.0047	0.0047	0.00925	0.0138	0.0138	0.003	0.003	0.00545	0.0079	0.0079	0	0	0.00115	0.0023	0.0023	0	0	0.00095	0.0019	0.0019	6.00E-04	6.00E-04	0.00095	0.0013	0.0013
TARA_R100000479	SAMEA2620078	ERS488892	TARA_039	TARA_20100318T0427Z_039_EVENT_PUMP	[SRF] surface water layer (ENVO:00010504)	5	3	7	0.22	TARA_039_SRF_<-0.22	SEQ-(FeCl3)_W<0.22	TARA_20100318T0427Z_039_EVENT_PUMP_SRF_(5m)_SEQ-(FeCl3)_W<0.22_R100000479	tara_20100315t0345z_038_event_cast	229.3029	P03DT00H42M	NA	NA	NA	NA	NA	NA	NA	NA	NA	NA	NA	NA	NA	NA	NA	NA	NA	NA	NA	NA	NA	0	0	0	0	0	0.0023	0.0023	0.0034	0.0045	0.0045	0.0027	0.0027	0.0035	0.0043	0.0043	0	0	0	0	0	0	0	0	0	0	0	0	3.00E-04	6.00E-04	6.00E-04
TARA_R100000084	SAMEA2620027	ERS488836	TARA_038	TARA_20100315T1118Z_038_EVENT_PUMP	[DCM] deep chlorophyll maximum layer (ENVO:01000326)	25	23	27	0.22	TARA_038_DCM_<-0.22	SEQ-(FeCl3)_W<0.22	TARA_20100315T1118Z_038_EVENT_PUMP_DCM_(25m)_SEQ-(FeCl3)_W<0.22_R100000084	tara_20100315t0345z_038_event_cast	2.291	P00DT07H33M	0	NA	NA	NA	NA	NA	NA	NA	NA	NA	NA	NA	NA	NA	NA	NA	NA	NA	NA	NA	NA	0.0068	0.0068	0.0068	0.0068	0.0068	0.0589	0.0589	0.0589	0.0589	0.0589	0.0262	0.0262	0.0262	0.0262	0.0262	0.0135	0.0135	0.0135	0.0135	0.0135	0.0056	0.0056	0.0056	0.0056	0.0056	0.0035	0.0035	0.0035	0.0035	0.0035
TARA_R100000081	SAMEA2620014	ERS488813	TARA_038	TARA_20100315T0335Z_038_EVENT_PUMP	[SRF] surface water layer (ENVO:00010504)	5	3	7	0.22	TARA_038_SRF_<-0.22	SEQ-(FeCl3)_W<0.22	TARA_20100315T0335Z_038_EVENT_PUMP_SRF_(5m)_SEQ-(FeCl3)_W<0.22_R100000081	tara_20100315t0345z_038_event_cast	0.2594	P00DT00H09M	0	NA	NA	NA	NA	NA	NA	NA	NA	NA	NA	NA	NA	NA	NA	NA	NA	NA	NA	NA	NA	0	0	0	0	0	0.0093	0.0093	0.01315	0.017	0.017	0.0055	0.0055	0.00775	0.01	0.01	0.0022	0.0022	0.00375	0.0053	0.0053	0	0	9.00E-04	0.0018	0.0018	8.00E-04	8.00E-04	0.00115	0.0015	0.0015
TARA_R100000030	SAMEA2619962	ERS488757	TARA_036	TARA_20100312T1223Z_036_EVENT_PUMP	[DCM] deep chlorophyll maximum layer (ENVO:01000326)	17	15	19	0.22	TARA_036_DCM_<-0.22	SEQ-(FeCl3)_W<0.22	TARA_20100312T1223Z_036_EVENT_PUMP_DCM_(17m)_SEQ-(FeCl3)_W<0.22_R100000030	tara_20100312t0620z_036_event_cast	0.99588	P00DT06H03M	0	NA	NA	NA	NA	NA	NA	NA	NA	NA	NA	NA	NA	NA	NA	NA	NA	NA	NA	NA	NA	0.0045	0.0045	0.00705	0.0096	0.0096	0.0148	0.0148	0.02395	0.0331	0.0331	0.0184	0.0184	0.03175	0.0451	0.0451	0.0034	0.0034	0.0068	0.0102	0.0102	9.00E-04	9.00E-04	0.00365	0.0064	0.0064	0.0025	0.0025	0.0029	0.0033	0.0033
TARA_R100000028	SAMEA2619950	ERS488737	TARA_036	TARA_20100312T0606Z_036_EVENT_PUMP	[SRF] surface water layer (ENVO:00010504)	5	3	7	0.22	TARA_036_SRF_<-0.22	SEQ-(FeCl3)_W<0.22	TARA_20100312T0606Z_036_EVENT_PUMP_SRF_(5m)_SEQ-(FeCl3)_W<0.22_R100000028	tara_20100312t0620z_036_event_cast	0.006379	P00DT00H13M	1	8.054263	8.054263	8.054263	8.054263	8.054263	10.95961	10.95961	10.95961	10.95961	10.95961	397.011643	397.011643	397.011643	397.011643	397.011643	395.772094	395.772094	395.772094	395.772094	395.772094	0	0	0.00225	0.0045	0.0045	0.0117	0.0117	0.01325	0.0148	0.0148	0.0154	0.0154	0.0169	0.0184	0.0184	0.0023	0.0023	0.00285	0.0034	0.0034	0	0	0.00045	9.00E-04	9.00E-04	0.0019	0.0019	0.0022	0.0025	0.0025
TARA_R100000008	SAMEA2619923	ERS488701	TARA_034	TARA_20100120T1150Z_034_EVENT_PUMP	[DCM] deep chlorophyll maximum layer (ENVO:01000326)	60	58	62	0.22	TARA_034_DCM_<-0.22	SEQ-(FeCl3)_W<0.22	TARA_20100120T1150Z_034_EVENT_PUMP_DCM_(60m)_SEQ-(FeCl3)_W<0.22_R100000008	tara_20100113t1102z_033_event_cast	444.1205	P07DT00H55M	NA	NA	NA	NA	NA	NA	NA	NA	NA	NA	NA	NA	NA	NA	NA	NA	NA	NA	NA	NA	NA	0	0	0	0	0	0.0471	0.0471	0.0471	0.0471	0.0471	0.0312	0.0312	0.0312	0.0312	0.0312	0.0052	0.0052	0.0052	0.0052	0.0052	0.012	0.012	0.012	0.012	0.012	0.0013	0.0013	0.0013	0.0013	0.0013
TARA_R100000005	SAMEA2619903	ERS488673	TARA_034	TARA_20100120T0427Z_034_EVENT_PUMP	[SRF] surface water layer (ENVO:00010504)	5	3	7	0.22	TARA_034_SRF_<-0.22	SEQ-(FeCl3)_W<0.22	TARA_20100120T0427Z_034_EVENT_PUMP_SRF_(5m)_SEQ-(FeCl3)_W<0.22_R100000005	tara_20100113t1102z_033_event_cast	449.4789	P06DT17H32M	NA	NA	NA	NA	NA	NA	NA	NA	NA	NA	NA	NA	NA	NA	NA	NA	NA	NA	NA	NA	NA	0.0108	0.0108	0.0108	0.0108	0.0108	0.0311	0.0311	0.0311	0.0311	0.0311	0.0332	0.0332	0.0332	0.0332	0.0332	0.0037	0.0037	0.0037	0.0037	0.0037	0.0076	0.0076	0.0076	0.0076	0.0076	0.0018	0.0018	0.0018	0.0018	0.0018
TARA_A100001518	SAMEA2619854	ERS488613	TARA_032	TARA_20100111T1417Z_032_EVENT_PUMP	[DCM] deep chlorophyll maximum layer (ENVO:01000326)	80	78	82	0.22	TARA_032_DCM_<-0.22	SEQ-(FeCl3)_W<0.22	TARA_20100111T1417Z_032_EVENT_PUMP_DCM_(80m)_SEQ-(FeCl3)_W<0.22_A100001518	tara_20100111t0943z_032_event_cast	4.7733	P00DT04H36M	0	NA	NA	NA	NA	NA	NA	NA	NA	NA	NA	NA	NA	NA	NA	NA	NA	NA	NA	NA	NA	0.0102	0.0102	0.0102	0.0102	0.0102	0.0427	0.0427	0.0427	0.0427	0.0427	0.0082	0.0082	0.0082	0.0082	0.0082	0.0061	0.0061	0.0061	0.0061	0.0061	0.0103	0.0103	0.0103	0.0103	0.0103	0.0016	0.0016	0.0016	0.0016	0.0016
TARA_A100001516	SAMEA2619838	ERS488589	TARA_032	TARA_20100111T0721Z_032_EVENT_PUMP	[SRF] surface water layer (ENVO:00010504)	5	3	7	0.22	TARA_032_SRF_<-0.22	SEQ-(FeCl3)_W<0.22	TARA_20100111T0721Z_032_EVENT_PUMP_SRF_(5m)_SEQ-(FeCl3)_W<0.22_A100001516	tara_20100111t0943z_032_event_cast	3.0062	P00DT02H19M	1	7.845202	7.845202	7.845202	7.845202	7.845202	19.33961	19.33961	19.33961	19.33961	19.33961	717.154657	717.154657	717.154657	717.154657	717.154657	714.923146	714.923146	714.923146	714.923146	714.923146	0	0	0	0	0	0.0038	0.0038	0.00405	0.0043	0.0043	0.0041	0.0041	0.00435	0.0046	0.0046	0	0	0	0	0	0	0	0	0	0	7.00E-04	7.00E-04	0.00075	8.00E-04	8.00E-04
TARA_A100001392	SAMEA2619815	ERS488558	TARA_031	TARA_20100109T0715Z_031_EVENT_PUMP	[SRF] surface water layer (ENVO:00010504)	5	3	7	0.22	TARA_031_SRF_<-0.22	SEQ-(FeCl3)_W<0.22	TARA_20100109T0715Z_031_EVENT_PUMP_SRF_(5m)_SEQ-(FeCl3)_W<0.22_A100001392	tara_20100109t1003z_031_event_cast	3.2598	P00DT02H47M	1	8.086712	8.086712	8.086712	8.086712	8.086712	10.150114	10.150114	10.150114	10.150114	10.150114	367.833816	367.833816	367.833816	367.833816	367.833816	366.675701	366.675701	366.675701	366.675701	366.675701	0	0	0	0	0	0.0037	0.0037	0.0044	0.0051	0.0051	0.0039	0.0039	0.00475	0.0056	0.0056	0	0	0	0	0	0	0	0	0	0	7.00E-04	7.00E-04	8.00E-04	9.00E-04	9.00E-04
TARA_E500000306	SAMEA2619791	ERS488518	TARA_025	TARA_20091123T1352Z_025_EVENT_PUMP	[DCM] deep chlorophyll maximum layer (ENVO:01000326)	50	48	52	0.22	TARA_025_DCM_<-0.22	SEQ-(FeCl3)_W<0.22	TARA_20091123T1352Z_025_EVENT_PUMP_DCM_(50m)_SEQ-(FeCl3)_W<0.22_E500000306	tara_20091123t1242z_025_event_cast	1.9377	P00DT01H11M	0	NA	NA	NA	NA	NA	NA	NA	NA	NA	NA	NA	NA	NA	NA	NA	NA	NA	NA	NA	NA	NA	NA	NA	NA	NA	NA	NA	NA	NA	NA	NA	NA	NA	NA	NA	NA	NA	NA	NA	NA	NA	NA	NA	NA	NA	NA	NA	NA	NA	NA
TARA_E500000318	SAMEA2619779	ERS488499	TARA_025	TARA_20091123T0912Z_025_EVENT_PUMP	[SRF] surface water layer (ENVO:00010504)	5	3	7	0.22	TARA_025_SRF_<-0.22	SEQ-(FeCl3)_W<0.22	TARA_20091123T0912Z_025_EVENT_PUMP_SRF_(5m)_SEQ-(FeCl3)_W<0.22_E500000318	tara_20091123t1242z_025_event_cast	2.3494	P00DT03H28M	1	8.136645	8.136645	8.136645	8.136645	8.136645	11.461316	11.461316	11.461316	11.461316	11.461316	344.759164	344.759164	344.759164	344.759164	344.759164	343.58112	343.58112	343.58112	343.58112	343.58112	NA	NA	NA	NA	NA	NA	NA	NA	NA	NA	NA	NA	NA	NA	NA	NA	NA	NA	NA	NA	NA	NA	NA	NA	NA	NA	NA	NA	NA	NA
TARA_S200002703	SAMEA2619747	ERS488448	TARA_022	TARA_20091116T0816Z_022_EVENT_PUMP	[SRF] surface water layer (ENVO:00010504)	5	3	7	0.22	TARA_022_SRF_<-0.22	SEQ-(FeCl3)_W<0.22	TARA_20091116T0816Z_022_EVENT_PUMP_SRF_(5m)_SEQ-(FeCl3)_W<0.22_S200002703	tara_20091123t1242z_025_event_cast	174.8613	P07DT04H24M	NA	NA	NA	NA	NA	NA	NA	NA	NA	NA	NA	NA	NA	NA	NA	NA	NA	NA	NA	NA	NA	0.0057	0.0057	0.0057	0.0057	0.0057	0.0518	0.0518	0.0518	0.0518	0.0518	0.0586	0.0586	0.0586	0.0586	0.0586	0.004	0.004	0.004	0.004	0.004	0.0073	0.0073	0.0073	0.0073	0.0073	0.0046	0.0046	0.0046	0.0046	0.0046
TARA_A100000172	SAMEA2619686	ERS488354	TARA_018	TARA_20091102T1407Z_018_EVENT_PUMP	[DCM] deep chlorophyll maximum layer (ENVO:01000326)	60	58	62	0.22	TARA_018_DCM_<-0.22	SEQ-(FeCl3)_W<0.22	TARA_20091102T1407Z_018_EVENT_PUMP_DCM_(60m)_SEQ-(FeCl3)_W<0.22_A100000172	tara_20091123t1242z_025_event_cast	605.8557	P20DT22H33M	NA	NA	NA	NA	NA	NA	NA	NA	NA	NA	NA	NA	NA	NA	NA	NA	NA	NA	NA	NA	NA	0	0	0	0	0	0.0452	0.0452	0.0452	0.0452	0.0452	0.0118	0.0118	0.0118	0.0118	0.0118	0.0017	0.0017	0.0017	0.0017	0.0017	0	0	0	0	0	0.0012	0.0012	0.0012	0.0012	0.0012
TARA_A100000171	SAMEA2619677	ERS488340	TARA_018	TARA_20091102T0813Z_018_EVENT_PUMP	[SRF] surface water layer (ENVO:00010504)	5	3	7	0.22	TARA_018_SRF_<-0.22	SEQ-(FeCl3)_W<0.22	TARA_20091102T0813Z_018_EVENT_PUMP_SRF_(5m)_SEQ-(FeCl3)_W<0.22_A100000171	tara_20091123t1242z_025_event_cast	606.6298	P21DT04H27M	NA	NA	NA	NA	NA	NA	NA	NA	NA	NA	NA	NA	NA	NA	NA	NA	NA	NA	NA	NA	NA	0	0	0	0	0	0.0228	0.0228	0.0228	0.0228	0.0228	0.0103	0.0103	0.0103	0.0103	0.0103	0.001	0.001	0.001	0.001	0.001	0	0	0	0	0	0.0016	0.0016	0.0016	0.0016	0.0016
TARA_A100001374	SAMEA2591132	ERS478052	TARA_030	TARA_20091215T1512Z_030_Combined-EVENTS_CAST	[DCM] deep chlorophyll maximum layer (ENVO:01000326)	70	66	75	0.22	TARA_030_DCM_<-0.22	SEQ-(FeCl3)_W<0.22	TARA_20091215T1512Z_030_Combined-EVENTS_CAST_DCM_(70m)_SEQ-(FeCl3)_W<0.22_A100001374	tara_20091204t2030z_028_event_cast	43.8793	P10DT18H56M	NA	NA	NA	NA	NA	NA	NA	NA	NA	NA	NA	NA	NA	NA	NA	NA	NA	NA	NA	NA	NA	0	0	0	0	0	0.0227	0.0227	0.0227	0.0227	0.0227	0.0036	0.0036	0.00395	0.0043	0.0043	0	0	0.00045	9.00E-04	9.00E-04	0	0	0	0	0	0	0	3.00E-04	6.00E-04	6.00E-04
TARA_E500000082	SAMEA2591107	ERS478007	TARA_023	TARA_20091118T1240Z_023_EVENT_PUMP	[DCM] deep chlorophyll maximum layer (ENVO:01000326)	55	53	57	0.22	TARA_023_DCM_<-0.22	SEQ-(FeCl3)_W<0.22	TARA_20091118T1240Z_023_EVENT_PUMP_DCM_(55m)_SEQ-(FeCl3)_W<0.22_E500000082	tara_20091123t1242z_025_event_cast	337.3359	P04DT22H50M	NA	NA	NA	NA	NA	NA	NA	NA	NA	NA	NA	NA	NA	NA	NA	NA	NA	NA	NA	NA	NA	NA	NA	NA	NA	NA	NA	NA	NA	NA	NA	NA	NA	NA	NA	NA	NA	NA	NA	NA	NA	NA	NA	NA	NA	NA	NA	NA	NA	NA	NA
TARA_A100001017	SAMEA2591119	ERS478030	TARA_030	TARA_20091215T1041Z_030_EVENT_PUMP	[SRF] surface water layer (ENVO:00010504)	5	3	7	0.22	TARA_030_SRF_<-0.22	SEQ-(FeCl3)_W<0.22	TARA_20091215T1041Z_030_EVENT_PUMP_SRF_(5m)_SEQ-(FeCl3)_W<0.22_A100001017	tara_20091204t2030z_028_event_cast	42.1215	P10DT14H14M	NA	NA	NA	NA	NA	NA	NA	NA	NA	NA	NA	NA	NA	NA	NA	NA	NA	NA	NA	NA	NA	0	0	0	0	0	0.0106	0.0106	0.0106	0.0106	0.0106	0.005	0.005	0.005	0.005	0.005	0	0	0	0	0	0	0	0	0	0	0	0	0	0	0
TARA_E500000056	SAMEA2591097	ERS477992	TARA_023	TARA_20091118T0841Z_023_EVENT_PUMP	[SRF] surface water layer (ENVO:00010504)	5	3	7	0.22	TARA_023_SRF_<-0.22	SEQ-(FeCl3)_W<0.22	TARA_20091118T0841Z_023_EVENT_PUMP_SRF_(5m)_SEQ-(FeCl3)_W<0.22_E500000056	tara_20091123t1242z_025_event_cast	340.7441	P05DT03H59M	NA	NA	NA	NA	NA	NA	NA	NA	NA	NA	NA	NA	NA	NA	NA	NA	NA	NA	NA	NA	NA	NA	NA	NA	NA	NA	NA	NA	NA	NA	NA	NA	NA	NA	NA	NA	NA	NA	NA	NA	NA	NA	NA	NA	NA	NA	NA	NA	NA	NA	NA